,timestamp,open,high,low,close,volume,TR,DM+,DM-,TR_smoothed,DM+_smoothed,DM-_smoothed,DI+,DI-,DX,ADX,Buy Signal,Sell Signal
0,2024-09-08 12:00:00,54556.08,54567.0,54095.52,54194.7,792.46432,,0.0,0.0,0.0,0.0,0.0,,,,,False,False
1,2024-09-08 13:00:00,54194.71,54399.0,54072.01,54399.0,630.64238,326.98999999999796,0.0,23.50999999999476,0.0,0.0,0.0,,,,,False,False
2,2024-09-08 14:00:00,54398.99,54444.0,54041.61,54149.5,632.85213,402.3899999999994,45.0,0.0,0.0,0.0,0.0,,,,,False,False
3,2024-09-08 15:00:00,54149.51,54189.99,53640.0,53687.0,1444.45724,549.989999999998,0.0,401.6100000000006,0.0,0.0,0.0,,,,,False,False
4,2024-09-08 16:00:00,53686.99,54024.56,53629.01,53907.18,781.00754,395.54999999999563,0.0,10.989999999997963,0.0,0.0,0.0,,,,,False,False
5,2024-09-08 17:00:00,53907.18,54519.3,53907.17,54510.01,810.89877,612.1300000000047,494.74000000000524,0.0,0.0,0.0,0.0,,,,,False,False
6,2024-09-08 18:00:00,54510.0,54531.1,54277.0,54412.01,433.05093,254.09999999999854,11.799999999995634,0.0,0.0,0.0,0.0,,,,,False,False
7,2024-09-08 19:00:00,54412.01,54475.0,54317.0,54337.01,264.25083,158.0,0.0,0.0,0.0,0.0,0.0,,,,,False,False
8,2024-09-08 20:00:00,54337.02,54384.0,54184.0,54379.02,364.27157,200.0,0.0,133.0,0.0,0.0,0.0,,,,,False,False
9,2024-09-08 21:00:00,54379.01,54619.84,54299.89,54464.0,663.0701,319.9499999999971,235.8399999999965,0.0,0.0,0.0,0.0,,,,,False,False
10,2024-09-08 22:00:00,54463.99,55318.0,54367.5,54530.0,2894.91447,950.5,698.1600000000035,0.0,0.0,0.0,0.0,,,,,False,False
11,2024-09-08 23:00:00,54530.0,54975.0,54424.75,54869.95,1094.80209,550.25,0.0,0.0,0.0,0.0,0.0,,,,,False,False
12,2024-09-09 00:00:00,54869.95,55210.0,54688.69,55045.0,1414.80055,521.3099999999977,235.0,0.0,0.0,0.0,0.0,,,,,False,False
13,2024-09-09 01:00:00,55045.01,55370.23,54901.1,55103.99,1831.55993,469.13000000000466,160.2300000000032,0.0,0.0,0.0,0.0,,,,,False,False
14,2024-09-09 02:00:00,55104.0,55137.0,54851.1,55113.0,623.14252,285.90000000000146,0.0,50.0,0.0,0.0,0.0,,,,,False,False
15,2024-09-09 03:00:00,55113.01,55215.74,54764.68,55115.0,1030.08827,451.0599999999977,0.0,86.41999999999825,451.0599999999977,0.0,86.41999999999825,0.0,19.15931361681344,100.0,,False,False
16,2024-09-09 04:00:00,55115.0,55150.0,54849.64,54849.65,1034.90046,300.3600000000006,0.0,0.0,719.201428571427,0.0,80.24714285714124,0.0,11.157811938240826,100.0,,False,False
17,2024-09-09 05:00:00,54849.65,54935.39,54591.96,54668.0,745.99128,343.4300000000003,0.0,257.6800000000003,1011.2598979591825,0.0,332.19520408163146,0.0,32.849636849244455,100.0,,False,False
18,2024-09-09 06:00:00,54668.0,54971.1,54644.01,54898.0,593.88858,327.0899999999965,35.70999999999913,0.0,1266.1170481049517,35.70999999999913,308.4669752186578,2.820434339261739,24.363227371462436,79.24904768698579,,False,False
19,2024-09-09 07:00:00,54898.0,55010.87,54730.0,54974.01,716.38164,280.8700000000026,39.770000000004075,0.0,1456.5501160974577,72.92928571428898,286.43361984589654,5.006987738237857,19.66520867907653,59.411901125073186,,False,False
20,2024-09-09 08:00:00,54974.01,55341.78,54960.0,55244.0,1100.18154,381.77999999999884,330.9099999999962,0.0,1734.2908220904953,398.6300510204074,265.97407557118964,22.985190600265245,15.336186537076138,19.960149228916176,,True,False
21,2024-09-09 09:00:00,55244.0,55555.0,55102.0,55152.0,988.10681,453.0,213.22000000000116,0.0,2063.4129062268885,583.3764759475223,246.97592731610467,28.272406079608743,11.969292552682509,40.51298548775494,,False,False
22,2024-09-09 10:00:00,55152.0,55457.51,55100.0,55364.0,816.93047,357.51000000000204,0.0,2.0,2273.536270067827,541.7067276655564,231.33478965066863,23.826614723388403,10.175108824798611,40.149452657136536,,False,False
23,2024-09-09 11:00:00,55364.0,55386.0,55159.91,55264.87,523.95744,226.0899999999965,0.0,0.0,2337.230822205836,503.0133899751595,214.8108761041923,21.521767777323106,9.190828482291607,40.14945265713655,,False,False
24,2024-09-09 12:00:00,55264.87,55356.0,54965.71,55341.1,801.65503,390.2900000000009,0.0,194.20000000000437,2560.5757634768484,467.083862119791,393.6672420967543,18.241360743240286,15.37416887685517,8.529366928882476,,False,False
25,2024-09-09 13:00:00,55341.1,55799.0,55252.0,55686.92,1851.55425,547.0,443.0,0.0,2924.6774946570736,876.7207291112345,365.54815337555755,29.97666343427149,12.498750855209048,41.14830395754614,,False,False
26,2024-09-09 14:00:00,55686.93,55750.0,54804.0,54840.01,2380.62272,946.0,0.0,448.0,3661.7719593244256,814.0978198890035,787.4375709915892,22.23234622287073,21.504276610847896,1.6646681084428228,,False,False
27,2024-09-09 15:00:00,54840.0,55470.0,54828.0,55386.0,1508.65033,642.0,0.0,0.0,4042.2168193726807,755.9479756112175,731.1920302064757,18.701321809069473,18.08888693704339,1.6646681084428196,,False,False
28,2024-09-09 16:00:00,55385.99,56525.14,55348.54,56430.11,3509.02955,1176.5999999999985,1055.1399999999994,0.0,4930.087046560345,1757.0916916389872,678.9640280488703,35.640175823363734,13.771846655782161,44.257101956939714,48.335506993089794,False,False
29,2024-09-09 17:00:00,56430.11,56775.24,56339.51,56514.0,1860.60515,435.7299999999959,250.09999999999854,0.0,5013.66797180603,1881.685142236201,630.466597473951,37.53110801947218,12.57495711760991,49.806646827257886,44.75026748075107,False,False
30,2024-09-09 18:00:00,56514.0,56650.0,56264.0,56530.0,1814.74824,386.0,0.0,75.51000000000204,5041.548830962743,1747.279060647901,660.9432690829565,34.65758478658309,13.109924970353637,45.10944766824553,40.82951374276861,False,False
31,2024-09-09 19:00:00,56529.99,57177.0,56482.0,57089.54,1869.53558,695.0,527.0,0.0,5376.438200179689,2149.473413458765,613.733035577031,39.979505639754706,11.415234635385914,55.578198958591074,37.656527954096546,False,False
32,2024-09-09 20:00:00,57089.53,57128.0,56810.0,57007.98,788.17451,318.0,0.0,0.0,5310.406900166854,1995.9395982117105,569.8949616072431,37.5854362148595,10.731662795732976,55.578198958591074,35.96575304492549,False,False
33,2024-09-09 21:00:00,57007.98,58088.0,57002.93,57454.27,2977.36994,1085.0699999999997,960.0,0.0,6016.162121583507,2813.372484053731,529.1881786352972,46.763574970170964,8.796109013365653,68.33636053087665,36.60321443105431,False,False
34,2024-09-09 22:00:00,57454.27,57620.0,57184.32,57216.0,786.5597,435.6800000000003,0.0,0.0,6022.116255756114,2612.4173066213216,491.3890230184902,43.38038648995355,8.159739901215064,68.33636053087665,40.058658095480055,False,False
35,2024-09-09 23:00:00,57216.01,57265.13,56998.19,57042.0,816.08288,266.93999999999505,0.0,186.12999999999738,5858.9050946306725,2425.8160704340844,642.4198070885955,41.40391474607084,10.964844057251138,58.12448372728822,41.316622255446724,False,False
36,2024-09-10 00:00:00,57042.01,57065.34,56624.5,56982.01,1449.2909,440.8399999999965,0.0,373.6900000000023,5881.251873585621,2252.543493974507,970.2226780108409,38.30040852511898,16.496873435541634,39.78944631821387,41.29090751695225,False,False
37,2024-09-10 01:00:00,56982.01,57050.72,56709.16,56900.0,849.86814,341.5599999999977,0.0,0.0,5802.722454043788,2091.647530119185,900.9210581529237,36.04596888244348,15.525834042348377,39.78944631821386,41.26519277845777,False,False
38,2024-09-10 02:00:00,56900.0,56911.09,56635.8,56775.28,612.49789,275.2899999999936,0.0,73.36000000000058,5663.532278754939,1942.2441351106718,909.929553999144,34.29386537437818,16.066467165950034,36.193959191655,43.24123508294152,False,False
39,2024-09-10 03:00:00,56775.27,56802.0,56522.86,56524.74,677.60914,279.1399999999994,0.0,112.94000000000233,5538.134258843872,1803.5124111741952,957.8745858563503,32.56534289132045,17.295979856875373,30.623662175102606,42.489474955624125,False,False
40,2024-09-10 04:00:00,56524.74,56739.4,56386.4,56609.99,816.27974,353.0,0.0,136.45999999999913,5495.553240355024,1674.6900960903242,1025.914972580896,30.4735487556142,18.668092687145354,24.023324662892886,44.08652185237056,False,False
41,2024-09-10 05:00:00,56610.0,56966.0,56591.1,56945.45,611.35477,374.90000000000146,226.59999999999854,0.0,5477.91372318681,1781.669374941014,952.6353316822605,32.52459722758314,17.390477101710523,30.31973873469894,46.13331261138886,False,False
42,2024-09-10 06:00:00,56945.45,56945.45,56771.1,56825.99,466.45247,174.34999999999854,0.0,0.0,5260.9841715306075,1654.4072767309415,884.5899508478133,31.446725988715823,16.81415343605671,30.319738734698948,45.137786666943086,False,False
43,2024-09-10 07:00:00,56826.0,57290.0,56773.43,57218.57,1075.89816,516.5699999999997,344.5500000000029,0.0,5401.76958784985,1880.7853283930199,821.4049543586838,34.81794804101702,15.206219758174475,39.204506832714394,44.38049095304712,False,False
44,2024-09-10 08:00:00,57218.56,57378.0,56990.0,57046.99,1189.37056,388.0,88.0,0.0,5403.928903003432,1834.44351922209,762.7331719044921,33.9464776859394,14.114419075361539,41.264437301442136,44.105847355418305,False,False
45,2024-09-10 09:00:00,57046.99,57273.52,56878.65,57086.01,1085.49639,394.86999999999534,0.0,111.34999999999854,5412.803981360325,1703.411839277655,819.6022310541698,31.470044826000887,15.141915980637274,35.02991198567702,42.63811257163873,False,False
46,2024-09-10 10:00:00,57086.01,57184.22,56947.13,57170.0,558.15752,237.09000000000378,0.0,0.0,5263.265125548877,1581.7395650435367,761.0592145503006,30.052439451804847,14.459830473976623,35.02991198567701,41.17037778785915,False,False
47,2024-09-10 11:00:00,57170.0,57260.0,57018.0,57228.0,690.71799,242.0,75.77999999999884,0.0,5129.3176165811,1544.5381675404258,706.697842082422,30.11196192155329,13.777619069599847,37.216903153497796,38.94755940376067,False,False
48,2024-09-10 12:00:00,57228.01,57468.98,57162.0,57203.19,870.91615,306.9800000000032,208.9800000000032,0.0,5069.91778682531,1643.1940127161129,656.2194247908204,32.41066387676182,12.943393806031184,42.922885107403246,37.13231115922685,False,False
49,2024-09-10 13:00:00,57203.2,57204.0,56630.56,56741.09,1992.90587,573.4400000000023,0.0,531.4400000000023,5281.220802052076,1525.823011807819,1140.7866087343355,28.89148303011576,21.60081260550724,14.439174002349883,34.011931893159826,False,False
50,2024-09-10 14:00:00,56741.1,57165.99,56502.31,56941.09,1919.8283,663.6800000000003,0.0,128.25,5567.670744762642,1416.8356538215462,1187.5518509675971,25.44754743542127,21.32941952583484,8.803751455277864,31.798667974378684,False,False
51,2024-09-10 15:00:00,56941.09,57210.0,56596.0,56596.0,1353.37693,614.0,44.01000000000204,0.0,5783.979977279596,1359.6431071200093,1102.7267187556258,23.50705072391167,19.065189075469032,10.433704379601975,29.701829264477833,False,False
52,2024-09-10 16:00:00,56596.01,56945.94,56566.0,56819.6,788.17727,379.9400000000023,0.0,30.0,5750.778550331056,1262.5257423257228,1053.9605245587954,21.953996859312948,18.327266740224623,9.003516262905816,27.75965476956718,False,False
53,2024-09-10 17:00:00,56819.59,57380.0,56795.05,57175.96,1100.35899,584.9499999999971,434.0599999999977,0.0,5924.958653878835,1606.4053321595975,978.6776299474529,27.112515479039633,16.517881172162298,24.28269078453467,27.30672824166947,False,False
54,2024-09-10 18:00:00,57175.96,57978.41,57175.96,57581.99,1752.37098,802.4500000000044,598.4100000000035,0.0,6304.1973214589225,2090.0720941482014,908.7720849512064,33.15365918249074,14.415349625206488,39.39184361195303,28.40447959517377,False,False
55,2024-09-10 19:00:00,57581.99,58044.36,57334.01,57952.01,1395.59965,710.3499999999985,65.94999999999709,0.0,6564.247512783284,2006.7312302804698,843.8597931689774,30.570621025068608,12.855392663449026,40.79404683258713,29.15264445930864,False,False
56,2024-09-10 20:00:00,57952.01,57975.99,57545.02,57567.89,763.18706,430.97000000000116,0.0,0.0,6526.342690441622,1863.3932852604362,783.5840936569076,28.551876198433963,12.006480977539418,40.79404683258713,29.900809323443507,False,False
57,2024-09-10 21:00:00,57567.89,57754.0,57455.72,57507.99,537.1853,298.27999999999884,0.0,89.29999999999563,6358.455355410077,1730.2937648846907,816.9138012528384,27.21248586596546,12.847676921373196,35.858089296462815,29.66177949942554,False,False
58,2024-09-10 22:00:00,57508.0,57677.64,57453.0,57615.85,374.58263,224.63999999999942,0.0,2.720000000001164,6128.919972880785,1606.7013531072128,761.2828154490654,26.215081290285024,12.421157705070158,35.702035042471806,29.264465052356226,False,False
59,2024-09-10 23:00:00,57615.86,57870.0,57581.05,57635.99,695.29846,288.9499999999971,192.36000000000058,0.0,5980.089974817869,1684.2969707424124,706.9054714884179,28.16507741246334,11.820983872570372,40.87447729194162,29.6819340028037,False,False
60,2024-09-11 00:00:00,57635.99,57687.71,57438.34,57640.5,455.1012,249.37000000000262,0.0,142.7100000000064,5802.31069090231,1563.9900442608116,799.1222235249659,26.9546070104977,13.77248248319318,32.36696923640122,29.491723806426858,False,False
61,2024-09-11 01:00:00,57640.51,57750.0,56681.32,56717.99,2058.25846,1068.6800000000003,0.0,757.0199999999968,6456.539927266431,1452.2764696707536,1499.0620647017508,22.493107547243472,23.217730883551177,1.5852330895325202,26.946604516143623,False,True
62,2024-09-11 02:00:00,56717.99,57180.98,56696.93,56921.1,1296.56648,484.0500000000029,0.0,0.0,6479.40850389026,1348.5424361228427,1391.98620293734,20.81273985600959,21.48322955871028,1.5852330895325168,23.993915086295715,False,False
63,2024-09-11 03:00:00,56921.11,56971.1,56688.4,56819.55,825.15952,282.6999999999971,0.0,8.529999999998836,6299.293610755239,1252.2179763997824,1301.0886170132433,19.87870472114175,20.65451616339649,1.9140138023195659,23.099260786293545,False,False
64,2024-09-11 04:00:00,56819.56,56819.56,56252.0,56530.5,1669.117,567.5599999999977,0.0,436.40000000000146,6416.904067129863,1162.7738352283693,1644.553715798013,18.120480266871933,25.62846036957484,17.161512926893792,23.69624374855183,False,False
65,2024-09-11 05:00:00,56530.51,56539.99,56100.0,56244.0,925.68105,439.98999999999796,0.0,152.0,6398.543776620585,1079.7185612834858,1679.085593241012,16.87444204458883,26.241683293254383,21.725610024711298,24.50280843748821,False,False
66,2024-09-11 06:00:00,56244.0,56578.0,56174.0,56460.0,842.41486,404.0,38.01000000000204,0.0,6345.5049354334005,1040.605806906096,1559.150908009511,16.399101686854525,24.570950994036544,19.945908712471507,25.284407898171473,False,False
67,2024-09-11 07:00:00,56460.0,56783.1,56460.0,56712.0,923.92737,323.09999999999854,205.09999999999854,0.0,6215.3545829024415,1171.3768206985162,1447.7829860088318,18.84650030942414,23.293650695190866,10.553237897224651,24.303732691935043,False,False
68,2024-09-11 08:00:00,56712.01,56716.13,56325.7,56398.0,771.50692,390.4300000000003,0.0,134.3000000000029,6161.830684123696,1087.7070477914795,1478.6699155796325,17.65233586495679,23.997250028137074,15.234039011735693,22.578175220490948,False,False
69,2024-09-11 09:00:00,56398.01,56741.24,56381.67,56677.99,797.07803,359.5699999999997,25.110000000000582,0.0,6081.269920972003,1035.123687234946,1373.050635895373,17.021505387636147,22.578353760622267,14.032495297980141,20.666635825161876,False,False
70,2024-09-11 10:00:00,56678.0,56700.0,56328.26,56510.0,1570.34775,371.73999999999796,0.0,53.40999999999622,6018.633498045429,961.1862810038783,1328.385590474271,15.9701746470528,22.071215848342792,16.03790272079682,18.898339817176854,False,False
71,2024-09-11 11:00:00,56510.0,56895.82,56507.39,56797.99,1155.69961,388.4300000000003,195.8199999999997,0.0,5977.161105327899,1088.3501180750295,1233.5009054403945,18.20847888983451,20.636902430835953,6.251511655799416,16.783584271415183,False,False
72,2024-09-11 12:00:00,56798.0,56915.66,56279.42,56748.01,2511.69575,636.2400000000052,0.0,227.97000000000116,6186.461026375911,1010.6108239268132,1373.363697908939,16.335847257714622,22.199504564138,15.216306661817514,15.320317958511307,False,False
73,2024-09-11 13:00:00,56748.0,57166.66,55710.7,55740.0,3577.27957,1455.9600000000064,0.0,568.7200000000012,7200.530953063353,938.4243365034694,1843.9862909154444,13.032710262904034,25.60903220797835,32.545949382460996,14.72542310783412,False,False
74,2024-09-11 14:00:00,55740.01,56024.0,55545.19,55974.0,2432.24783,478.8099999999977,0.0,165.50999999999476,7165.017313558826,871.3940267532215,1877.782984421479,12.161785360995935,26.207654528175787,36.60691740028176,15.028276548111299,False,False
75,2024-09-11 15:00:00,55974.0,57003.99,55852.0,56701.23,2304.21875,1151.989999999998,979.989999999998,0.0,7805.220362590336,1789.1415962708465,1743.6556283913733,22.9223713509234,22.33960794686266,1.287534069658425,15.007012332406008,True,False
76,2024-09-11 16:00:00,56701.22,57514.47,56646.0,57312.0,2083.08795,868.4700000000012,510.4800000000032,0.0,8116.174622405313,2171.825767965789,1619.1087977919894,26.759229181322684,19.949161681690747,14.579965984280067,15.935207539173689,False,False
77,2024-09-11 17:00:00,57311.99,57868.47,57254.0,57694.0,2295.97581,614.4700000000012,354.0,0.0,8150.917863662077,2370.6953559682324,1503.458169378276,29.085010984310383,18.445262172017472,22.385204430234605,17.39743544116762,False,False
78,2024-09-11 18:00:00,57694.0,57981.71,57377.5,57500.0,2079.80815,604.2099999999991,113.23999999999796,0.0,8172.919444829071,2314.599973399071,1396.0683001369705,28.3203571138034,17.08163538819962,24.75380728083235,17.93974218073466,False,False
79,2024-09-11 19:00:00,57499.99,57776.32,57325.38,57585.5,853.90969,450.9400000000023,0.0,52.12000000000262,8040.079484484139,2149.2714038705662,1348.4691358414752,26.73196711572642,16.771838368560537,22.89484479872309,18.023258950306932,False,False
80,2024-09-11 20:00:00,57585.5,57676.83,57438.0,57486.0,457.00677,238.83000000000175,0.0,0.0,7704.618092735274,1995.7520178798115,1252.1499118527984,25.90332179815138,16.251940028454587,22.894844798723085,18.233897242182042,False,False
81,2024-09-11 21:00:00,57486.01,57558.0,57252.0,57352.0,369.41938,306.0,0.0,186.0,7460.288228968469,1853.1983023169678,1348.7106324347415,24.840840533760566,18.078532504919412,15.755840661388037,18.605511725336573,False,False
82,2024-09-11 22:00:00,57352.0,57468.0,57211.1,57467.99,413.3949,256.90000000000146,0.0,40.900000000001455,7184.310498327866,1720.826995008613,1293.2741586894042,23.95256991480438,18.001367827718624,14.185085852033929,18.53058649964359,False,False
83,2024-09-11 23:00:00,57468.0,57508.0,57310.97,57338.0,357.66477,197.02999999999884,40.0,0.0,6868.175462733017,1637.9107810794264,1200.8974330687324,23.847829601424614,17.484955641929183,15.394254033530355,18.627854980754318,False,False
84,2024-09-12 00:00:00,57338.0,57907.9,57324.0,57626.01,1283.19916,583.9000000000015,399.90000000000146,0.0,6961.491501109232,1920.8171538594688,1115.1190449923945,27.592034746482263,16.018392679423847,26.53870358579258,19.377912185396873,False,False
85,2024-09-12 01:00:00,57626.01,58275.0,57597.8,58137.74,1210.69319,677.1999999999971,367.09999999999854,0.0,7141.442108172855,2150.715928583791,1035.467684635795,30.11598912385574,14.499419990407517,35.002635733885285,21.431563905260145,False,False
86,2024-09-12 02:00:00,58137.74,58470.01,57827.61,57946.28,1728.57135,642.4000000000015,195.01000000000204,0.0,7273.739100446224,2192.1033622563796,961.5057071618096,30.13722834961045,13.218864381633152,39.021883435970835,23.131962246271097,False,False
87,2024-09-12 03:00:00,57946.29,58335.53,57946.28,58232.72,702.63656,389.25,0.0,0.0,7143.436307557208,2035.524550666638,892.8267280788232,28.495033244899364,12.498560771575452,39.02188343597082,23.594528964378945,False,False
88,2024-09-12 04:00:00,58232.73,58430.56,58160.0,58181.98,777.70022,270.5599999999977,95.02999999999884,0.0,6903.750857017405,1985.1599399047343,829.0533903589072,28.7548027299811,12.008738547049468,41.08098476804247,23.914105204933282,False,False
89,2024-09-12 05:00:00,58181.99,58181.99,57909.92,57968.01,1279.37595,272.0699999999997,0.0,250.08000000000175,6682.695795801876,1843.3628013401103,1019.9152910475584,27.584119607810457,15.262033799118576,28.758907927308048,25.876346194765397,False,False
90,2024-09-12 06:00:00,57968.01,58100.11,57836.28,57947.99,1070.22732,263.83000000000175,0.0,73.63999999999942,6469.190381816029,1711.6940298158167,1020.704198829875,26.459169212690732,15.777927972237901,25.288767345176826,26.64126057768659,False,False
91,2024-09-12 07:00:00,57948.0,58148.0,57876.0,58138.16,677.87543,272.0,47.88999999999942,0.0,6279.105354543455,1637.3201705432577,947.7967560563126,26.075691967144977,15.094455380821135,26.672813418692655,26.947518362576456,False,False
92,2024-09-12 08:00:00,58138.15,58350.0,58100.0,58171.06,1100.64695,250.0,202.0,0.0,6080.597829218923,1722.368729790168,880.0969877665759,28.325647874847416,14.473856230673093,32.364374152614644,27.491130281989477,False,False
93,2024-09-12 09:00:00,58171.06,58250.0,57980.0,58022.0,578.59489,270.0,0.0,120.0,5916.269412846143,1599.342391948013,937.2329172118204,27.032954051675222,15.84161997722388,26.102496241497242,27.72024824218763,False,False
94,2024-09-12 10:00:00,58022.0,58098.0,57929.07,57930.41,804.75125,168.9300000000003,0.0,50.93000000000029,5662.60874049999,1485.1036496660122,921.2177088395479,26.22649237699023,16.268432997159668,23.43352598493596,27.758725469774266,False,False
95,2024-09-12 11:00:00,57930.41,58146.17,57894.0,58057.99,919.41988,252.16999999999825,48.169999999998254,0.0,5510.306687607132,1427.1948175470095,855.4164439224373,25.900460690451578,15.5239352801596,25.04931011584013,28.42254471652084,False,False
96,2024-09-12 12:00:00,58058.0,58162.11,57583.29,57691.56,1845.08693,578.8199999999997,0.0,310.7099999999991,5695.53335277805,1325.252330579366,1105.025269356548,23.268274426537445,19.401611770345642,9.06180681699182,28.056596214017837,False,False
97,2024-09-12 13:00:00,57691.55,57875.99,57345.23,57627.99,2310.27986,530.7599999999948,0.0,238.05999999999767,5819.469541865327,1230.5914498236968,1264.1548929739351,21.146110327939834,21.72285435776562,1.345364960535424,27.053104137375335,False,True
98,2024-09-12 14:00:00,57628.0,58588.0,57541.29,57541.29,3152.10176,1046.7099999999991,712.010000000002,0.0,6450.503146017803,1854.7020605505777,1173.8581149043684,28.752827780505335,18.197931050216535,22.480779849254077,26.7632524419083,True,False
99,2024-09-12 15:00:00,57541.3,57878.77,57408.41,57512.03,1840.14849,470.3599999999933,0.0,132.87999999999738,6460.11292130224,1722.2233419398221,1222.891106696911,26.65933804749428,18.929871994410878,16.95459527809004,25.474106695065785,False,False
100,2024-09-12 16:00:00,57512.03,58125.0,57494.01,58065.99,894.00799,630.989999999998,246.2300000000032,0.0,6629.666284066363,1845.4373889441238,1135.541741932846,27.836052523177816,17.128188558479774,23.81417701513511,24.387841950720375,False,False
101,2024-09-12 17:00:00,58065.99,58410.0,58007.56,58389.1,1014.58403,402.4400000000023,285.0,0.0,6558.558692347339,1998.620432590972,1054.4316175090712,30.473470259906392,16.07718504889502,30.926063479689493,23.80956909670028,False,False
102,2024-09-12 18:00:00,58389.11,58450.99,57949.18,58181.99,1519.6656,501.8099999999977,0.0,58.37999999999738,6591.900214322527,1855.8618302630455,1037.4950734012778,28.153669957423332,15.73893778226594,28.284334913032623,22.895522678485293,False,False
103,2024-09-12 19:00:00,58181.99,58442.86,58129.13,58388.0,2503.13125,313.7300000000032,0.0,0.0,6434.780199013779,1723.3002709585421,963.3882824440436,26.781027753250413,14.971580266124654,28.284334913032616,22.86162460603705,False,False
104,2024-09-12 20:00:00,58388.0,58388.0,58085.09,58199.99,1796.87711,302.9100000000035,0.0,44.04000000000087,6278.063041941369,1600.2073944615033,938.6148336980414,25.48887107012341,14.950707366707055,26.059034517082623,22.916643689744603,False,False
105,2024-09-12 21:00:00,58199.99,58385.81,57781.1,57921.11,1313.07343,604.7099999999991,0.0,303.98999999999796,6434.339967516985,1485.9068662856816,1175.5609170053222,23.093384461920092,18.270108868042477,11.660706593134307,21.844350345061862,False,False
106,2024-09-12 22:00:00,57921.1,58260.0,57904.18,58143.34,416.62633,355.8199999999997,0.0,0.0,6330.564255551486,1379.77066155099,1091.5922800763706,21.795381988912325,17.243206703401146,11.660706593134304,20.365516947956127,False,False
107,2024-09-12 23:00:00,58143.33,58190.38,58031.0,58132.32,335.13138,159.37999999999738,0.0,0.0,6037.761094440663,1281.2156142973479,1013.6214029280584,21.220044885132033,16.78803429074664,11.660706593134307,19.33396054450163,False,False
108,2024-09-13 00:00:00,58132.31,58244.0,57999.9,58031.14,460.24187,244.09999999999854,53.62000000000262,0.0,5850.592444837757,1243.3202132761114,941.2198741474828,21.251184815875344,16.087599384536926,13.829013295192953,18.647923923805703,False,False
109,2024-09-13 01:00:00,58031.14,58290.4,57876.9,58129.99,802.88113,413.5,0.0,123.0,5846.192984492203,1154.511626613532,996.9898831369483,19.74809298420401,17.053660147408667,7.321479569626338,17.381650313361863,False,False
110,2024-09-13 02:00:00,58129.98,58170.0,57974.0,58050.8,414.94887,196.0,0.0,0.0,5624.6077713141885,1072.046510426851,925.7763200557376,19.05993367029693,16.459393395878166,7.321479569626332,17.257341224264326,False,False
111,2024-09-13 03:00:00,58050.8,58070.0,57798.49,57845.97,671.10826,271.51000000000204,0.0,175.51000000000204,5494.360073363177,995.4717596820759,1035.1594400517583,18.11806555067537,18.84040045118707,1.9544504376217802,17.300847329770495,False,True
112,2024-09-13 04:00:00,57845.97,57985.99,57804.01,57844.0,324.13177,181.97999999999593,0.0,0.0,5283.885782408661,924.366633990499,961.2194800480613,17.49406917666427,18.191526456688266,1.9544504376217784,15.834680943225328,False,False
113,2024-09-13 05:00:00,57844.0,58024.89,57833.97,57946.0,539.69127,190.91999999999825,38.900000000001455,0.0,5097.385369379469,897.240445848322,892.560945758914,17.601973969599,17.51017200152497,0.2614535954297054,14.642313680178162,True,False
114,2024-09-13 06:00:00,57946.01,57952.0,57742.0,57767.01,553.36201,210.0,0.0,91.97000000000116,4943.286414423793,833.1518425734419,920.7765924904213,16.85420938067488,18.626810491978148,4.99591363964568,13.298152010500345,False,True
115,2024-09-13 07:00:00,57767.0,58137.68,57767.0,58109.31,626.44185,370.6800000000003,185.6800000000003,0.0,4960.874527679236,959.3209966753392,855.0068358839626,19.33773957238387,17.235002238283705,5.749465941016314,11.499823614880833,True,False
116,2024-09-13 08:00:00,58109.31,58150.0,57898.56,57953.64,551.14525,251.44000000000233,12.319999999999709,0.0,4857.966347130721,903.1180683413861,793.9349190351081,18.59045542534065,16.342948104283035,6.43369123524342,9.939063352181604,False,False
117,2024-09-13 09:00:00,57953.63,58146.84,57924.0,58058.6,555.03453,222.8399999999965,0.0,0.0,4733.808750907095,838.6096348884299,737.2252819611718,17.71532562923534,15.573617793914982,6.4336912352434075,8.378303089482374,False,False
118,2024-09-13 10:00:00,58058.6,58350.0,58031.11,58343.99,603.13646,318.8899999999994,203.1600000000035,0.0,4714.569554413731,981.868946682117,684.5663332496596,20.826269192760165,14.520229797199105,17.840633657529672,7.791274456657164,False,False
119,2024-09-13 11:00:00,58343.99,58343.99,57815.0,57871.1,933.49267,528.989999999998,0.0,216.11000000000058,4906.804586241319,911.7354504905372,851.7787380175416,18.581042600454147,17.359133078295585,3.399842930876483,7.201212766495892,False,False
120,2024-09-13 12:00:00,57871.1,57951.1,57632.62,57910.0,1463.01336,318.4799999999959,0.0,182.37999999999738,4874.798544366935,846.6114897412132,973.3173995877146,17.36710721552819,19.966310212191843,6.962135201514519,6.865600524237335,False,True
121,2024-09-13 13:00:00,57910.01,58157.12,57686.67,58056.01,1359.25546,470.45000000000437,206.02000000000407,0.0,4997.048648340729,992.1592404739878,903.7947281885921,19.854904570589568,18.086570529760547,4.660688695291933,6.365599245820023,True,False
122,2024-09-13 14:00:00,58056.0,58553.01,57833.38,58456.89,2473.04952,719.6300000000047,395.8899999999994,0.0,5359.746602030682,1317.1807232972737,839.237961889407,24.575429047302812,15.65816491345765,22.163727512242897,6.9609359756093045,False,False
123,2024-09-13 15:00:00,58456.89,59723.97,58362.0,59667.38,4934.87479,1361.9700000000012,1170.9599999999991,0.0,6338.877559028491,2394.056385918896,779.2923931830207,37.76782819395258,12.293854644235417,50.88517226249761,10.072628310814395,False,False
124,2024-09-13 16:00:00,59666.01,59796.7,59312.01,59452.31,2444.84234,484.68999999999505,72.72999999999593,0.0,6370.7905905264515,2295.7823583532563,723.628650812805,36.036066885751204,11.358537696857617,52.068224655995685,13.268824388412204,False,False
125,2024-09-13 17:00:00,59452.31,59971.17,59444.04,59584.0,1593.31149,527.1299999999974,174.47000000000116,0.0,6442.864119774559,2306.267904185168,671.9408900404617,35.79569367459927,10.429226467435935,54.87617313176497,17.048947437993863,False,False
126,2024-09-13 18:00:00,59584.0,59900.0,59478.0,59752.17,1119.0751,422.0,0.0,0.0,6404.659539790662,2141.534482457656,623.9451121804287,33.43713228084646,9.742049648447395,54.87617313176496,20.829070487575517,False,False
127,2024-09-13 19:00:00,59752.17,59999.0,59652.72,59743.99,1281.66571,346.27999999999884,99.0,0.0,6293.463858377042,2087.567733710681,579.377604167541,33.170409502423404,9.206020995836,56.55122015897902,24.84976809925761,False,False
128,2024-09-13 20:00:00,59743.99,59956.0,59633.4,59838.52,643.70741,322.59999999999854,0.0,19.31999999999971,6166.530725635823,1938.4557527313466,557.3134895841449,31.435110582887347,9.037715279148003,55.33934146354908,28.445727229536427,False,False
129,2024-09-13 21:00:00,59838.52,60358.0,59822.0,60283.86,2104.71656,536.0,402.0,0.0,6262.064245233264,2201.9946275362504,517.5053831852774,35.16403762884463,8.264134044603692,61.94113762492872,32.4594180641016,False,False
130,2024-09-13 22:00:00,60283.85,60625.0,60240.0,60608.0,2041.22233,385.0,267.0,0.0,6199.773942002316,2311.7092969979467,480.5407129577576,37.28699334239505,7.750939267352694,65.58039493280326,36.684182613927305,False,False
131,2024-09-13 23:00:00,60608.0,60623.48,60169.0,60498.0,1330.88332,454.4800000000032,0.0,71.0,6211.412946145011,2146.5872043552363,517.2163763179178,34.55875857823094,8.326871531523562,61.16707852857416,40.59371027773664,False,False
132,2024-09-14 00:00:00,60497.99,60610.45,60372.77,60414.39,753.37252,237.6800000000003,0.0,0.0,6005.420592848939,1993.2595469012908,480.27234943806656,33.191006626160366,7.997314126673481,61.16707852857416,43.6884563399541,False,False
133,2024-09-14 01:00:00,60414.39,60595.7,60406.06,60406.06,590.92967,189.63999999999942,0.0,0.0,5766.101979074015,1850.8838649797701,445.9671816210618,32.099395253446524,7.734292304221095,61.16707852857417,47.81468745407536,False,False
134,2024-09-14 02:00:00,60406.06,60496.0,60285.55,60287.99,465.87729,210.4499999999971,0.0,120.50999999999476,5564.687551997296,1718.6778746240723,534.6223829338378,30.88543352280756,9.607410621679008,52.54761267251149,51.07079298771801,False,False
135,2024-09-14 03:00:00,60288.0,60431.98,60287.99,60329.37,465.89329,143.99000000000524,0.0,0.0,5311.199869711781,1595.9151692937814,496.4350698671351,30.048109814033154,9.346947620972788,52.5476126725115,54.49128755751941,False,False
136,2024-09-14 04:00:00,60329.38,60348.24,60184.86,60213.05,480.76008,163.37999999999738,0.0,103.12999999999738,5095.208450446651,1481.9212286299398,564.10542201948,29.084604546454486,11.071292323085034,44.858448266993015,56.11233904000155,False,False
137,2024-09-14 05:00:00,60213.06,60242.47,59900.32,59926.0,1113.74602,342.15000000000146,0.0,284.5400000000009,5073.414989700464,1376.0697122992299,808.352177589518,27.12314516145019,15.933097908027497,25.989372169248202,54.33406760476946,False,False
138,2024-09-14 06:00:00,59926.0,60079.36,59900.0,60046.0,484.8791,179.36000000000058,0.0,0.31999999999970896,4890.388204721859,1277.7790185635706,750.9327363331236,26.128376011741267,15.355278658820353,25.969499164127196,52.469872926778855,False,False
139,2024-09-14 07:00:00,60046.01,60174.0,59998.01,60138.14,440.82171,175.98999999999796,94.63999999999942,0.0,4717.064761527439,1281.1490886661722,697.2946837379004,27.159879150171378,14.782385211775392,29.51079090909979,50.6580599108742,False,False
140,2024-09-14 08:00:00,60138.14,60156.0,59933.94,59973.99,480.77595,222.05999999999767,0.0,64.06999999999971,4602.191564275477,1189.6384394757313,711.5579206137644,25.849389858307998,15.461284274588536,25.146298872540545,48.534497463786735,False,False
141,2024-09-14 09:00:00,59973.99,60070.21,59858.58,60070.2,651.32309,211.62999999999738,0.0,75.36000000000058,4485.0935953986545,1104.6642652274647,736.092354855639,24.62968144880547,16.411973110456614,20.022848558609883,45.92532806376037,False,False
142,2024-09-14 10:00:00,60070.2,60070.21,59789.32,59851.09,515.51731,280.8899999999994,0.0,69.26000000000204,4445.619767155893,1025.7596748540743,752.7743295088096,23.0734909546776,16.932944537233794,15.348896601111381,43.068867716443386,False,False
143,2024-09-14 11:00:00,59851.1,59851.1,59605.98,59706.39,556.27985,245.11999999999534,0.0,183.3399999999965,4373.195498073324,952.4911266502119,882.3447345438911,21.78020916443927,20.17620147401645,3.8230336342276225,38.91757457425045,False,False
144,2024-09-14 12:00:00,59706.4,59851.27,59626.01,59794.03,405.8924,225.25999999999476,0.16999999999825377,0.0,4286.0843910680815,884.626046175195,819.3201106478989,20.63949202723814,19.115818446209513,3.8326290573086617,34.50701986885799,False,False
145,2024-09-14 13:00:00,59794.03,59794.03,59646.0,59769.11,348.56935,148.02999999999884,0.0,0.0,4127.965505991789,821.4384714483954,760.7972456016204,19.899354058459746,18.43031983909058,3.8326290573086617,30.411702049481878,False,False
146,2024-09-14 14:00:00,59769.11,60010.0,59706.0,59914.0,646.73823,304.0,215.97000000000116,0.0,4137.110826992375,978.7342949163683,706.4545852015046,23.657434761734315,17.076037233333867,16.15722207327991,27.196712302675145,False,False
147,2024-09-14 15:00:00,59914.0,59949.11,59828.07,59876.0,303.09513,121.04000000000087,0.0,0.0,3962.642910778635,908.8247024223419,655.9935434013971,22.934812015240695,16.554445055269902,16.15722207327993,23.981722555868412,False,False
148,2024-09-14 16:00:00,59875.99,59982.0,59838.22,59981.99,298.03992,143.77999999999884,32.88999999999942,0.0,3823.37698858016,876.7986522493169,609.1368617298688,22.932571254892725,15.931906886223018,18.013015235276043,21.51496559606588,False,False
149,2024-09-14 17:00:00,59982.0,59983.39,59854.32,59885.26,222.91264,129.0699999999997,1.389999999999418,0.0,3679.3486322530052,815.5601770886508,565.627085892021,22.165884742192866,15.37302230437636,18.0955253422524,19.054102215333092,False,False
150,2024-09-14 18:00:00,59885.26,59897.79,59400.0,59786.0,1444.64627,497.7900000000009,0.0,454.3199999999997,3914.3280156635055,757.3058787251757,979.5451511854478,19.34702139664213,25.024605686230622,12.795528726013325,16.763893676691684,False,True
151,2024-09-14 19:00:00,59786.01,59903.56,59735.16,59810.0,168.39931,168.39999999999418,5.769999999996799,0.0,3803.133157401821,708.9826016733742,909.5776403864872,18.642066220940013,23.916534150696993,12.393424322459925,15.792754544778234,False,False
152,2024-09-14 20:00:00,59810.01,60134.13,59774.0,60024.01,575.12177,360.1299999999974,230.5699999999997,0.0,3891.6107890159738,888.9109872681329,844.6078089303096,22.841723786383618,21.703296005710676,2.5556791443495688,14.12033882907983,True,False
153,2024-09-14 21:00:00,60024.02,60056.71,59950.21,60036.0,259.37223,106.5,0.0,0.0,3720.138589800547,825.4173453204091,784.2786797210018,22.18781170097922,21.08197479177921,2.555679144349563,12.194973703026244,False,False
154,2024-09-14 22:00:00,60036.01,60125.0,59940.0,60006.97,279.1657,185.0,68.29000000000087,0.0,3639.4144048147937,834.7489635118094,728.2587740266446,22.936353782835813,20.010328394128145,6.813158177506782,10.885463653380976,False,False
155,2024-09-14 23:00:00,60006.97,60050.0,59936.91,59993.03,185.78018,113.08999999999651,0.0,3.0899999999965075,3492.5462330423047,775.1240375466801,679.3302901675951,22.19366576205582,19.45086034196434,6.586232757795031,9.9257053818942,False,False
156,2024-09-15 00:00:00,59993.02,60119.42,59986.01,60025.95,194.47345,133.40999999999622,69.41999999999825,0.0,3376.4886449678506,789.1780348647727,630.8066980127669,23.37274363534212,18.682328428762514,11.153030957669017,9.62600069307689,False,False
157,2024-09-15 01:00:00,60025.95,60280.06,60025.95,60235.22,503.55364,254.11000000000058,160.63999999999942,0.0,3389.4208846130045,893.448175231574,585.7490767261407,26.359906475102328,17.281686065760464,20.801762449071223,10.83876703699429,False,False
158,2024-09-15 02:00:00,60235.22,60267.86,60116.0,60238.01,363.736,151.86000000000058,0.0,0.0,3299.179392854933,829.6304484293188,543.9098569599878,25.146569787203994,16.48621648577034,20.80176244907123,12.050847993548757,False,False
159,2024-09-15 03:00:00,60238.01,60238.57,60134.0,60155.93,174.35633,104.56999999999971,0.0,0.0,3168.0937219367233,770.3711306843675,505.0591528914172,24.31655115977513,15.942052136723525,20.80176244907122,13.262928950103227,False,False
160,2024-09-15 04:00:00,60155.93,60216.0,60032.9,60117.99,443.84071,183.09999999999854,0.0,101.09999999999854,3124.901313226956,715.3446213497698,570.0834991134574,22.891750799357663,18.24324808916144,11.300602493740756,12.916027551564715,False,False
161,2024-09-15 05:00:00,60118.0,60214.89,60117.99,60160.0,199.50456,96.90000000000146,0.0,0.0,2998.5940765678893,664.2485769676434,529.3632491767819,22.15200057114515,17.6537148963716,11.300602493740767,12.569126153026202,False,False
162,2024-09-15 06:00:00,60160.0,60183.02,60144.17,60164.01,164.76842,38.849999999998545,0.0,0.0,2823.258785384467,616.8022500413832,491.55158852129745,21.84717367159058,17.41078752914812,11.300602493740763,12.089668100059397,False,False
163,2024-09-15 07:00:00,60164.01,60214.34,60129.93,60196.0,213.48898,84.40999999999622,31.31999999999971,0.0,2706.0074435712872,604.0649464669984,456.4407607697762,22.323107347767536,16.86768311942937,13.920168905254446,11.791428354559544,False,False
164,2024-09-15 08:00:00,60195.99,60204.0,60044.0,60069.99,270.79467,160.0,0.0,85.93000000000029,2672.72119760191,560.9174502907842,509.76784928622106,20.9867550268268,19.07299009502407,4.777276854811668,11.218696078045141,False,False
165,2024-09-15 09:00:00,60069.99,60105.74,60009.96,60016.0,215.67193,95.77999999999884,0.0,34.04000000000087,2577.5925406303436,520.8519181271568,507.39586005149187,20.20691439461505,19.684874628299845,1.3086396451543774,10.426925743951886,False,False
166,2024-09-15 10:00:00,60016.01,60042.0,59880.0,59991.3,349.39558,162.0,0.0,129.95999999999913,2555.478787728176,483.6482096895027,601.1132986192415,18.92593325415417,23.522531335649706,10.828655702660301,11.017852640974082,False,True
167,2024-09-15 11:00:00,59991.31,60034.0,59894.0,60000.51,327.68379,140.0,0.0,0.0,2512.9445886047347,449.1019089973954,558.1766344321528,17.871540464278635,22.212055011609703,10.8286557026603,11.608779537996279,False,False
168,2024-09-15 12:00:00,60000.51,60118.0,59949.99,60104.39,326.54419,168.01000000000204,84.0,0.0,2501.4585465615414,501.02320121186716,518.3068748298562,20.02924261529596,20.720186450513488,1.695591450132144,11.243239057469518,False,False
169,2024-09-15 13:00:00,60104.39,60350.98,60085.62,60189.98,716.18863,265.3600000000006,232.9800000000032,0.0,2588.1429360928605,698.215829696737,481.28495519915214,26.9774833514715,18.595764108983662,18.39175329728439,12.086490524575902,True,False
170,2024-09-15 14:00:00,60189.99,60280.0,59871.0,60279.52,542.27478,409.0,0.0,214.62000000000262,2812.275583514799,648.3432704326844,661.5274583992153,23.054044711449688,23.522853246566765,1.0065258865879223,11.361740162355824,False,True
171,2024-09-15 15:00:00,60279.51,60395.8,60170.75,60335.41,527.8042,225.0500000000029,115.80000000000291,0.0,2836.448756120888,717.8330368303527,614.2754970849857,25.307456561001207,21.656499020453502,7.773956634073231,10.431182604141679,True,False
172,2024-09-15 16:00:00,60335.41,60352.65,59934.54,59950.05,949.54284,418.1100000000006,0.0,236.20999999999913,3051.955273540825,666.5592484853275,806.6086758646287,21.84040029236723,26.42924301209747,9.506684544540217,9.624391325246608,False,True
173,2024-09-15 17:00:00,59950.05,60042.63,59707.08,59814.07,965.11031,335.54999999999563,0.0,227.45999999999913,3169.5084682879046,618.9478735935185,976.4537704457258,19.528197504007927,30.80773502312753,22.408520023025204,9.739159723386178,False,False
174,2024-09-15 18:00:00,59814.07,60181.8,59746.0,59971.09,854.93726,435.8000000000029,139.17000000000553,0.0,3378.915006267343,713.907311193987,906.7070725567454,21.12830035291814,26.8342669429373,11.896708019864962,9.781738689537907,False,False
175,2024-09-15 19:00:00,59971.09,60140.0,59812.0,59878.22,476.15894,328.0,0.0,0.0,3465.5639343911043,662.9139318229879,841.942281659835,19.128601993010445,24.294524573754927,11.896708019864946,9.824317655689635,False,False
176,2024-09-15 20:00:00,59878.23,59939.1,59691.1,59795.99,498.98533,248.0,0.0,120.90000000000146,3466.0236533631683,615.5629366927745,902.7035472555625,17.75991736511892,26.044356228776657,18.912398686168903,10.368017383720215,False,False
177,2024-09-15 21:00:00,59796.0,59797.15,59479.06,59651.69,751.06314,318.0900000000038,0.0,212.04000000000087,3536.5405352658026,571.5941555004335,1050.2647224515945,16.162522380291993,29.69751688065008,29.51370020279404,11.481841047830187,False,False
178,2024-09-15 22:00:00,59651.7,59670.15,59392.0,59430.31,654.83091,278.15000000000146,0.0,87.05999999999767,3562.0804970325325,530.7660015361168,1062.3058137050498,14.90044938564086,29.82262232956348,33.365715662257564,13.52387239121918,False,False
179,2024-09-15 23:00:00,59430.3,59456.0,58691.05,59132.0,3073.21502,764.9499999999971,0.0,700.9499999999971,4072.59617581592,492.8541442835371,1687.376827011829,12.101718977448009,41.432461117355274,54.78881359155155,17.343884815961836,False,False
180,2024-09-16 00:00:00,59132.0,59210.7,58606.3,58666.36,1563.34944,604.3999999999942,0.0,84.75,4386.09644897192,457.650276834713,1651.5999107966984,10.434113388956233,37.65534866849144,56.60540608047708,20.613652700091603,False,False
181,2024-09-16 01:00:00,58666.36,58798.0,58420.0,58607.07,1323.60665,378.0,0.0,186.3000000000029,4450.803845473925,424.9609713465192,1719.928488596937,9.547960011283513,38.64309792816308,60.37455735758782,24.152645675443573,False,False
182,2024-09-16 02:00:00,58607.07,58670.62,58112.0,58263.99,1538.51475,558.6200000000026,0.0,308.0,4691.509285082933,394.60661625033924,1905.0764536971558,8.411080363946539,40.606899356557044,65.68165227573304,28.72307859155792,False,False
183,2024-09-16 03:00:00,58263.99,58606.0,58218.0,58575.09,945.36776,388.0,0.0,0.0,4744.401479005581,366.420429375315,1768.999564147359,7.723217164414933,37.286042759562974,65.68165227573306,32.10092851858997,False,False
184,2024-09-16 04:00:00,58575.09,58592.0,58312.54,58352.0,895.94436,279.4599999999991,0.0,0.0,4684.97565907661,340.2475415627925,1642.6424524225476,7.26252527915703,35.06192074317641,65.68165227573304,36.720580403528906,False,False
185,2024-09-16 05:00:00,58351.99,58670.01,58343.7,58670.0,966.19076,326.31000000000495,78.01000000000204,0.0,4676.644540571143,393.9541457368808,1525.31084867808,8.423863355857456,32.61549676152635,58.94739424901899,40.375825947453606,False,False
186,2024-09-16 06:00:00,58670.0,58863.86,58628.0,58707.43,937.81199,235.86000000000058,193.84999999999854,0.0,4578.458501958919,559.6645638985307,1416.3600737725028,12.22386450939929,30.935304386105173,43.35449536113495,42.79352672006751,False,False
187,2024-09-16 07:00:00,58707.43,58970.0,58668.89,58911.1,633.503,301.1100000000006,106.13999999999942,0.0,4552.535751818998,625.8285236200636,1315.191497074467,13.746811837117576,28.889207438930555,35.515500412393344,43.72973960502238,False,False
188,2024-09-16 08:00:00,58911.1,59179.35,58854.86,58924.98,833.50487,324.48999999999796,209.34999999999854,0.0,4551.844626689067,790.476486218629,1221.2492472834335,17.366069166416338,26.829765676157297,21.413095925104297,44.40948159825376,False,False
189,2024-09-16 09:00:00,58924.98,59032.2,58579.27,58636.54,1072.98491,452.9300000000003,0.0,275.5900000000038,4679.642867639848,734.0138800601555,1409.6071581917636,15.685254213220578,30.122109700706524,31.516451185912093,45.810891824399995,False,False
190,2024-09-16 10:00:00,58636.54,58750.0,58506.0,58749.99,681.17224,244.0,0.0,73.2699999999968,4589.382662808431,681.5843171987159,1382.1909326066343,14.851328975510327,30.11714285251636,33.947815561505436,46.884850172638316,False,False
191,2024-09-16 11:00:00,58749.99,58835.84,58652.0,58663.99,682.69309,183.8399999999965,85.83999999999651,0.0,4445.409615464968,718.7397231130899,1283.4630088490176,16.168132642101043,28.871647831597485,28.205100149000057,46.79137874022445,False,False
192,2024-09-16 12:00:00,58664.0,58789.93,58419.91,58527.99,802.53453,370.0199999999968,0.0,232.0899999999965,4497.900357217467,667.4011714621549,1423.8770796455128,14.838060393917415,31.65648339365092,36.172896064054726,46.99189162606711,False,False
193,2024-09-16 13:00:00,58527.99,58610.1,58021.0,58497.1,2094.22366,589.0999999999985,0.0,398.9100000000035,4765.721760273361,619.7296592148582,1721.0815739565512,13.003899312395244,36.113765354564684,47.05000980576912,46.43911992708265,False,False
194,2024-09-16 14:00:00,58497.11,58560.44,57555.0,57604.0,2696.19159,1005.4400000000023,0.0,466.0,5430.75306311098,575.4632549852255,2064.1471758167972,10.596380433758375,38.008488911745154,56.39786475533997,46.42429554671571,False,False
195,2024-09-16 15:00:00,57604.0,58000.0,57553.38,57881.69,1357.3317,446.6200000000026,0.0,1.6200000000026193,5489.462130031628,534.3587367719952,1918.3280918298858,9.734264015569709,34.94564761336341,56.42666397188599,46.14230316202272,False,False
196,2024-09-16 16:00:00,57881.7,57951.86,57676.93,57809.98,1124.4357,274.9300000000003,0.0,0.0,5372.287692172225,496.1902555739955,1781.3046566991798,9.236107297399155,33.15728342870873,56.42666397188599,45.48123256889079,False,False
197,2024-09-16 17:00:00,57809.98,58263.84,57493.3,58176.01,1913.78305,770.5399999999936,311.9799999999959,0.0,5759.09285701706,772.7280944615632,1654.0686097920955,13.417531435007978,28.720992191968676,36.31703116234375,43.383759632220126,False,False
198,2024-09-16 18:00:00,58176.0,58192.0,57701.56,57896.0,1221.41424,490.4400000000023,0.0,0.0,5838.169081515844,717.5332305714516,1535.920851949803,12.290381120396544,26.308262582059562,36.31703116234375,41.286286695549464,False,False
199,2024-09-16 19:00:00,57896.0,58009.99,57797.56,57942.01,407.67495,212.4300000000003,0.0,0.0,5633.587004264712,666.280856959205,1426.2122196676742,11.826938262510549,25.316236681673853,36.31703116234375,39.669832189358374,False,False
