Trade #,Type,Signal,Date/Time,Price USD,Contracts,Profit USD,Profit %,Cum. Profit USD,Cum. Profit %,Run-up USD,Run-up %,Drawdown USD,Drawdown %
191,Exit Short,Short TP/SL,2024-06-03,11.76,84104,14297.68,1.42,912594.59,0.75,47939.28,4.78,23549.12,2.35
191,Entry Short,S,2024-05-31,11.93,84104,14297.68,1.42,912594.59,0.75,47939.28,4.78,23549.12,2.35
190,Exit Short,Short TP/SL,2024-05-30,11.94,87032,5221.92,0.5,898296.91,0.28,23498.64,2.25,3481.28,0.33
190,Entry Short,S,2024-05-29,12.00,87032,5221.92,0.5,898296.91,0.28,23498.64,2.25,3481.28,0.33
189,Exit Short,Short Close,2024-04-05,14.18,74850,-41916.00,-4.11,893074.99,-2.17,0,0,59131.50,5.8
189,Entry Short,S,2024-04-04,13.62,74850,-41916.00,-4.11,893074.99,-2.17,0,0,59131.50,5.8
188,Exit Short,Short TP/SL,2024-04-03,13.66,76103,-2283.09,-0.22,934990.99,-0.12,13698.54,1.32,24352.96,2.35
188,Entry Short,S,2024-04-02,13.63,76103,-2283.09,-0.22,934990.99,-0.12,13698.54,1.32,24352.96,2.35
187,Exit Short,Short Close,2024-03-11,14.61,70871,-17717.75,-1.74,937274.08,-0.91,0,0,42522.60,4.18
187,Entry Short,S,2024-03-08,14.36,70871,-17717.75,-1.74,937274.08,-0.91,0,0,42522.60,4.18
186,Exit Short,Short TP/SL,2024-03-06,14.14,73691,18422.75,1.74,954991.83,0.95,49372.97,4.66,11790.56,1.11
186,Entry Short,S,2024-03-05,14.39,73691,18422.75,1.74,954991.83,0.95,49372.97,4.66,11790.56,1.11
185,Exit Short,Short Close,2024-02-14,14.75,69832,2793.28,0.27,936569.08,0.14,9078.16,0.88,106144.64,10.28
185,Entry Short,S,2024-02-13,14.79,69832,2793.28,0.27,936569.08,0.14,9078.16,0.88,106144.64,10.28
184,Exit Short,Short TP/SL,2024-02-01,14.98,69444,16666.56,1.58,933775.80,0.87,36110.88,3.42,2083.32,0.2
184,Entry Short,S,2024-01-31,15.22,69444,16666.56,1.58,933775.80,0.87,36110.88,3.42,2083.32,0.2
183,Exit Short,Short Close,2024-01-18,15.54,65104,18229.12,1.77,917109.24,0.96,18229.12,1.77,31249.92,3.03
183,Entry Short,S,2024-01-17,15.82,65104,18229.12,1.77,917109.24,0.96,18229.12,1.77,31249.92,3.03
182,Exit Short,Short Close,2023-12-21,17.18,60901,-26187.43,-2.57,898880.12,-1.36,0,0,53592.88,5.25
182,Entry Short,S,2023-12-20,16.75,60901,-26187.43,-2.57,898880.12,-1.36,0,0,53592.88,5.25
181,Exit Short,Short Close,2023-10-16,24.37,44247,24335.85,2.21,925067.55,1.28,24335.85,2.21,43804.53,3.97
181,Entry Short,S,2023-10-13,24.92,44247,24335.85,2.21,925067.55,1.28,24335.85,2.21,43804.53,3.97
180,Exit Short,Short Close,2023-09-22,22.72,47214,-26439.84,-2.53,900731.70,-1.37,21718.44,2.08,33994.08,3.25
180,Entry Short,S,2023-09-21,22.16,47214,-26439.84,-2.53,900731.70,-1.37,21718.44,2.08,33994.08,3.25
179,Exit Short,Short Close,2023-08-03,25.90,43572,-59257.92,-5.54,927171.54,-2.98,0,0,59257.92,5.54
179,Entry Short,S,2023-08-02,24.54,43572,-59257.92,-5.54,927171.54,-2.98,0,0,59257.92,5.54
178,Exit Short,Short TP/SL,2023-07-07,26.79,39888,-8775.36,-0.83,986429.46,-0.44,2393.28,0.23,92939.04,8.77
178,Entry Short,S,2023-07-06,26.57,39888,-8775.36,-0.83,986429.46,-0.44,2393.28,0.23,92939.04,8.77
177,Exit Short,Short Close,2023-05-05,40.30,24937,16458.42,1.61,995204.82,0.83,16458.42,1.61,56108.25,5.49
177,Entry Short,S,2023-05-04,40.96,24937,16458.42,1.61,995204.82,0.83,16458.42,1.61,56108.25,5.49
176,Exit Short,Short TP/SL,2023-05-03,39.36,26852,25777.92,2.38,978746.40,1.32,38398.36,3.55,31416.84,2.9
176,Entry Short,S,2023-05-02,40.32,26852,25777.92,2.38,978746.40,1.32,38398.36,3.55,31416.84,2.9
175,Exit Short,Short TP/SL,2023-04-26,41.65,25647,20774.07,1.91,952968.48,1.08,20774.07,1.91,2821.17,0.26
175,Entry Short,S,2023-04-25,42.46,25647,20774.07,1.91,952968.48,1.08,20774.07,1.91,2821.17,0.26
174,Exit Short,Short Close,2023-03-10,47.70,23228,-22531.16,-2.08,932194.41,-1.15,0,0,28802.72,2.65
174,Entry Short,S,2023-03-09,46.73,23228,-22531.16,-2.08,932194.41,-1.15,0,0,28802.72,2.65
173,Exit Short,Short TP/SL,2023-02-21,48.96,21404,-11130.08,-1.07,954725.57,-0.57,37671.04,3.63,11130.08,1.07
173,Entry Short,S,2023-02-17,48.44,21404,-11130.08,-1.07,954725.57,-0.57,37671.04,3.63,11130.08,1.07
172,Exit Short,Short TP/SL,2023-02-10,48.96,21440,-17580.80,-1.7,965855.65,-0.89,428.80,0.04,17580.80,1.7
172,Entry Short,S,2023-02-09,48.14,21440,-17580.80,-1.7,965855.65,-0.89,428.80,0.04,17580.80,1.7
171,Exit Short,Short TP/SL,2023-02-08,47.15,19920,97807.20,9.43,983436.45,5.19,189240.00,18.25,1992.00,0.19
171,Entry Short,S,2023-01-19,52.06,19920,97807.20,9.43,983436.45,5.19,189240.00,18.25,1992.00,0.19
170,Exit Short,Short TP/SL,2022-12-22,59.92,16711,25233.61,2.46,885629.25,1.36,96756.69,9.43,8188.39,0.8
170,Entry Short,S,2022-12-16,61.43,16711,25233.61,2.46,885629.25,1.36,96756.69,9.43,8188.39,0.8
169,Exit Short,Short Close,2022-09-26,81.36,13220,-35297.40,-3.39,860395.64,-1.86,0,0,61737.40,5.93
169,Entry Short,S,2022-09-23,78.69,13220,-35297.40,-3.39,860395.64,-1.86,0,0,61737.40,5.93
168,Exit Short,Short Close,2022-09-19,75.76,13054,43861.44,4.25,895693.04,2.37,43861.44,4.25,11487.52,1.11
168,Entry Short,S,2022-09-16,79.12,13054,43861.44,4.25,895693.04,2.37,43861.44,4.25,11487.52,1.11
167,Exit Short,Short TP/SL,2022-09-15,77.30,13150,2367.00,0.23,851831.60,0.13,28930.00,2.84,0,0
167,Entry Short,S,2022-09-14,77.48,13150,2367.00,0.23,851831.60,0.13,28930.00,2.84,0,0
166,Exit Short,Short TP/SL,2022-08-26,83.10,11337,68248.74,6.75,849464.60,3.83,139218.36,13.78,0,0
166,Entry Short,S,2022-08-15,89.12,11337,68248.74,6.75,849464.60,3.83,139218.36,13.78,0,0
165,Exit Short,Short TP/SL,2022-08-09,89.28,11627,-9766.68,-0.95,781215.86,-0.55,1860.32,0.18,14417.48,1.4
165,Entry Short,S,2022-08-08,88.44,11627,-9766.68,-0.95,781215.86,-0.55,1860.32,0.18,14417.48,1.4
164,Exit Short,Short TP/SL,2022-08-05,87.70,11389,10250.10,1.02,790982.54,0.58,37811.48,3.75,0,0
164,Entry Short,S,2022-08-04,88.60,11389,10250.10,1.02,790982.54,0.58,37811.48,3.75,0,0
163,Exit Short,Short TP/SL,2022-06-13,98.52,10808,-43664.32,-4.28,780732.44,-2.39,12537.28,1.23,43664.32,4.28
163,Entry Short,S,2022-06-10,94.48,10808,-43664.32,-4.28,780732.44,-2.39,12537.28,1.23,43664.32,4.28
162,Exit Short,Short TP/SL,2022-04-29,106.22,9191,18014.36,1.81,824396.76,1,36947.82,3.72,24448.06,2.46
162,Entry Short,S,2022-04-28,108.18,9191,18014.36,1.81,824396.76,1,36947.82,3.72,24448.06,2.46
161,Exit Short,Short TP/SL,2022-04-27,106.53,10080,14817.60,1.36,806382.40,0.83,60076.80,5.52,6451.20,0.59
161,Entry Short,S,2022-04-26,108.00,10080,14817.60,1.36,806382.40,0.83,60076.80,5.52,6451.20,0.59
160,Exit Short,Short TP/SL,2022-04-25,107.51,9920,116857.60,9.88,791564.80,6.98,242345.60,20.48,25692.80,2.17
160,Entry Short,S,2022-03-28,119.29,9920,116857.60,9.88,791564.80,6.98,242345.60,20.48,25692.80,2.17
159,Exit Short,Short Close,2022-02-14,93.24,12218,-73552.36,-6.9,674707.20,-4.21,0,0,100920.68,9.47
159,Entry Short,S,2022-02-11,87.22,12218,-73552.36,-6.9,674707.20,-4.21,0,0,100920.68,9.47
158,Exit Short,Short TP/SL,2022-01-19,78.62,13550,7181.50,0.67,748259.56,0.41,22357.50,2.08,13685.50,1.28
158,Entry Short,S,2022-01-18,79.15,13550,7181.50,0.67,748259.56,0.41,22357.50,2.08,13685.50,1.28
157,Exit Short,Short TP/SL,2022-01-10,79.68,11379,211763.19,18.93,741078.06,13.85,317360.31,28.38,13541.01,1.21
157,Entry Short,S,2021-12-20,98.29,11379,211763.19,18.93,741078.06,13.85,317360.31,28.38,13541.01,1.21
156,Exit Short,Short Close,2021-11-29,92.64,12165,-9245.40,-0.83,529314.87,-0.6,16787.70,1.5,168850.20,15.11
156,Entry Short,S,2021-11-26,91.88,12165,-9245.40,-0.83,529314.87,-0.6,16787.70,1.5,168850.20,15.11
155,Exit Short,Short TP/SL,2021-11-24,85.51,11720,9610.40,0.95,538560.27,0.63,40434.00,4,7852.40,0.78
155,Entry Short,S,2021-11-23,86.33,11720,9610.40,0.95,538560.27,0.63,40434.00,4,7852.40,0.78
154,Exit Short,Short TP/SL,2021-11-10,86.60,11984,-2037.28,-0.2,528949.87,-0.13,19054.56,1.84,5872.16,0.57
154,Entry Short,S,2021-11-09,86.43,11984,-2037.28,-0.2,528949.87,-0.13,19054.56,1.84,5872.16,0.57
153,Exit Short,Short TP/SL,2021-09-29,108.96,10072,18230.32,1.63,530987.15,1.21,18230.32,1.63,11582.80,1.04
153,Entry Short,S,2021-09-28,110.77,10072,18230.32,1.63,530987.15,1.21,18230.32,1.63,11582.80,1.04
152,Exit Short,Short Close,2021-09-13,103.56,9596,36176.92,3.51,512756.83,2.45,36176.92,3.51,14873.80,1.44
152,Entry Short,S,2021-09-10,107.33,9596,36176.92,3.51,512756.83,2.45,36176.92,3.51,14873.80,1.44
151,Exit Short,Short TP/SL,2021-08-18,111.03,9498,15956.64,1.49,476579.91,1.09,37897.02,3.54,14531.94,1.36
151,Entry Short,S,2021-08-17,112.71,9498,15956.64,1.49,476579.91,1.09,37897.02,3.54,14531.94,1.36
150,Exit Short,Short Close,2021-07-20,138.56,8183,-76265.56,-7.21,460623.27,-4.96,10146.92,0.96,154822.36,14.64
150,Entry Short,S,2021-07-19,129.24,8183,-76265.56,-7.21,460623.27,-4.96,10146.92,0.96,154822.36,14.64
149,Exit Short,Short Close,2021-07-09,122.36,8437,55684.20,5.12,536888.83,3.76,55684.20,5.12,7762.04,0.71
149,Entry Short,S,2021-07-08,128.96,8437,55684.20,5.12,536888.83,3.76,55684.20,5.12,7762.04,0.71
148,Exit Short,Short TP/SL,2021-06-18,135.75,6180,278779.80,24.94,481204.63,23.18,361777.20,32.37,27315.60,2.44
148,Entry Short,S,2021-05-19,180.86,6180,278779.80,24.94,481204.63,23.18,361777.20,32.37,27315.60,2.44
147,Exit Short,Short TP/SL,2021-05-11,162.12,6451,47221.32,4.32,202424.83,4.09,163081.28,14.92,774.12,0.07
147,Entry Short,S,2021-05-04,169.44,6451,47221.32,4.32,202424.83,4.09,163081.28,14.92,774.12,0.07
146,Exit Short,Short TP/SL,2021-04-22,169.47,6145,9709.10,0.92,155203.51,0.85,90515.85,8.61,4854.55,0.46
146,Entry Short,S,2021-04-20,171.05,6145,9709.10,0.92,155203.51,0.85,90515.85,8.61,4854.55,0.46
145,Exit Short,Short Close,2021-02-26,257.29,4316,38585.04,3.36,145494.41,3.49,38585.04,3.36,38714.52,3.37
145,Entry Short,S,2021-02-25,266.23,4316,38585.04,3.36,145494.41,3.49,38585.04,3.36,38714.52,3.37
144,Exit Short,Short TP/SL,2021-01-27,282.72,3810,3086.10,0.29,106909.37,0.28,101841.30,9.43,3314.70,0.31
144,Entry Short,S,2021-01-25,283.53,3810,3086.10,0.29,106909.37,0.28,101841.30,9.43,3314.70,0.31
143,Exit Short,Short Close,2021-01-05,299.04,3722,-32828.04,-3.04,103823.27,-2.89,0,0,39378.76,3.65
143,Entry Short,S,2021-01-04,290.22,3722,-32828.04,-3.04,103823.27,-2.89,0,0,39378.76,3.65
142,Exit Short,Short TP/SL,2020-12-14,287.57,3600,13212.00,1.26,136651.31,1.18,54288.00,5.18,15984.00,1.52
142,Entry Short,S,2020-12-11,291.24,3600,13212.00,1.26,136651.31,1.18,54288.00,5.18,15984.00,1.52
141,Exit Short,Short Close,2020-10-27,386.69,2819,-17844.27,-1.66,123439.31,-1.56,0,0,35970.44,3.35
141,Entry Short,S,2020-10-26,380.36,2819,-17844.27,-1.66,123439.31,-1.56,0,0,35970.44,3.35
140,Exit Short,Short Close,2020-09-01,429.60,2443,-21498.40,-2.09,141283.58,-1.85,24234.56,2.36,30879.52,3
140,Entry Short,S,2020-08-31,420.80,2443,-21498.40,-2.09,141283.58,-1.85,24234.56,2.36,30879.52,3
139,Exit Short,Short TP/SL,2020-08-28,416.32,2507,8197.89,0.78,162781.98,0.71,20231.49,1.92,59190.27,5.63
139,Entry Short,S,2020-08-27,419.59,2507,8197.89,0.78,162781.98,0.71,20231.49,1.92,59190.27,5.63
138,Exit Short,Short Close,2020-06-12,614.40,2007,-122988.96,-11.08,154584.09,-9.63,46241.28,4.17,248225.76,22.36
138,Entry Short,S,2020-06-11,553.12,2007,-122988.96,-11.08,154584.09,-9.63,46241.28,4.17,248225.76,22.36
137,Exit Short,Short TP/SL,2020-05-13,602.72,1517,120662.18,11.66,277573.05,10.43,272362.18,26.32,8707.58,0.84
137,Entry Short,S,2020-05-04,682.26,1517,120662.18,11.66,277573.05,10.43,272362.18,26.32,8707.58,0.84
136,Exit Short,Short Close,2020-04-22,715.52,1458,30792.96,2.87,156910.87,2.73,30792.96,2.87,49222.08,4.58
136,Entry Short,S,2020-04-21,736.64,1458,30792.96,2.87,156910.87,2.73,30792.96,2.87,49222.08,4.58
135,Exit Short,Short Close,2020-02-24,274.56,4451,-185028.07,-17.84,126117.91,-14.11,0,0,185028.07,17.84
135,Entry Short,S,2020-02-21,232.99,4451,-185028.07,-17.84,126117.91,-14.11,0,0,185028.07,17.84
134,Exit Short,Short Close,2020-01-27,247.52,4633,-98034.28,-9.35,311145.98,-6.96,0,0,98034.28,9.35
134,Entry Short,S,2020-01-24,226.36,4633,-98034.28,-9.35,311145.98,-6.96,0,0,98034.28,9.35
133,Exit Short,Short TP/SL,2020-01-06,251.84,4307,-1162.89,-0.11,409180.26,-0.08,53277.59,4.92,1162.89,0.11
133,Entry Short,S,2020-01-03,251.57,4307,-1162.89,-0.11,409180.26,-0.08,53277.59,4.92,1162.89,0.11
132,Exit Short,Short TP/SL,2019-12-31,255.52,4103,-16206.85,-1.57,410343.15,-1.14,0,0,16206.85,1.57
132,Entry Short,S,2019-12-30,251.57,4103,-16206.85,-1.57,410343.15,-1.14,0,0,16206.85,1.57
131,Exit Short,Short Close,2019-12-03,299.84,3778,-96339.00,-9.3,426550.00,-6.33,0,0,96339.00,9.3
131,Entry Short,S,2019-12-02,274.34,3778,-96339.00,-9.3,426550.00,-6.33,0,0,96339.00,9.3
130,Exit Short,Short Close,2019-09-25,385.60,2706,-5520.24,-0.53,522889.00,-0.36,0,0,15911.28,1.53
130,Entry Short,S,2019-09-24,383.56,2706,-5520.24,-0.53,522889.00,-0.36,0,0,15911.28,1.53
129,Exit Short,Short Close,2019-08-26,440.48,2427,40555.17,3.65,528409.24,2.73,40555.17,3.65,34390.59,3.1
129,Entry Short,S,2019-08-23,457.19,2427,40555.17,3.65,528409.24,2.73,40555.17,3.65,34390.59,3.1
128,Exit Short,Short Close,2019-08-01,378.24,2797,-24697.51,-2.39,487854.07,-1.63,0,0,56023.91,5.42
128,Entry Short,S,2019-07-31,369.41,2797,-24697.51,-2.39,487854.07,-1.63,0,0,56023.91,5.42
127,Exit Short,Short TP/SL,2019-06-03,486.40,2132,11256.96,1.07,512551.58,0.75,28142.40,2.68,5457.92,0.52
127,Entry Short,S,2019-05-31,491.68,2132,11256.96,1.07,512551.58,0.75,28142.40,2.68,5457.92,0.52
126,Exit Short,Short Close,2019-05-07,454.56,2458,-17697.60,-1.61,501294.62,-1.17,51126.40,4.65,17697.60,1.61
126,Entry Short,S,2019-05-06,447.36,2458,-17697.60,-1.61,501294.62,-1.17,51126.40,4.65,17697.60,1.61
125,Exit Short,Short TP/SL,2019-05-02,426.40,2433,-1265.16,-0.12,518992.22,-0.08,0,0,2043.72,0.2
125,Entry Short,S,2019-05-01,425.88,2433,-1265.16,-0.12,518992.22,-0.08,0,0,2043.72,0.2
124,Exit Short,Short TP/SL,2019-04-26,421.12,2431,12543.96,1.21,520257.38,0.83,28491.32,2.75,11377.08,1.1
124,Entry Short,S,2019-04-25,426.28,2431,12543.96,1.21,520257.38,0.83,28491.32,2.75,11377.08,1.1
123,Exit Short,Short Close,2019-03-25,514.24,2171,-45048.25,-4.2,507713.42,-2.9,0,0,50258.65,4.69
123,Entry Short,S,2019-03-22,493.49,2171,-45048.25,-4.2,507713.42,-2.9,0,0,50258.65,4.69
122,Exit Short,Short Close,2019-03-08,544.32,1965,-37865.55,-3.67,552761.67,-2.38,0,0,37865.55,3.67
122,Entry Short,S,2019-03-07,525.05,1965,-37865.55,-3.67,552761.67,-2.38,0,0,37865.55,3.67
121,Exit Short,Short TP/SL,2019-03-04,514.29,1561,208253.01,20.6,590627.22,15.06,280012.18,27.69,3964.94,0.39
121,Entry Short,S,2019-01-24,647.70,1561,208253.01,20.6,590627.22,15.06,280012.18,27.69,3964.94,0.39
120,Exit Short,Short TP/SL,2019-01-23,635.68,1685,24938.00,2.28,382374.21,1.84,28442.80,2.6,5796.40,0.53
120,Entry Short,S,2019-01-22,650.48,1685,24938.00,2.28,382374.21,1.84,28442.80,2.6,5796.40,0.53
119,Exit Short,Short Close,2018-12-06,636.80,1923,-113360.85,-10.2,357436.21,-7.71,0,0,113360.85,10.2
119,Entry Short,S,2018-12-04,577.85,1923,-113360.85,-10.2,357436.21,-7.71,0,0,113360.85,10.2
118,Exit Short,Short Close,2018-11-15,607.52,1719,-49283.73,-4.95,470797.06,-3.24,0,0,58635.09,5.89
118,Entry Short,S,2018-11-14,578.85,1719,-49283.73,-4.95,470797.06,-3.24,0,0,58635.09,5.89
117,Exit Short,Short TP/SL,2018-11-13,577.28,1876,4296.04,0.4,520080.79,0.28,6097.00,0.56,1407.00,0.13
117,Entry Short,S,2018-11-12,579.57,1876,4296.04,0.4,520080.79,0.28,6097.00,0.56,1407.00,0.13
116,Exit Short,Short Close,2018-10-05,439.68,2385,9277.65,0.88,515784.75,0.62,9277.65,0.88,43383.15,4.1
116,Entry Short,S,2018-10-04,443.57,2385,9277.65,0.88,515784.75,0.62,9277.65,0.88,43383.15,4.1
115,Exit Short,Short TP/SL,2018-09-07,495.68,2120,-5130.40,-0.49,506507.10,-0.34,16239.20,1.55,5130.40,0.49
115,Entry Short,S,2018-09-06,493.26,2120,-5130.40,-0.49,506507.10,-0.34,16239.20,1.55,5130.40,0.49
114,Exit Short,Short TP/SL,2018-08-13,484.96,2189,-1663.64,-0.16,511637.50,-0.11,11295.24,1.07,11601.70,1.09
114,Entry Short,S,2018-08-10,484.20,2189,-1663.64,-0.16,511637.50,-0.11,11295.24,1.07,11601.70,1.09
113,Exit Short,Short Close,2018-06-22,528.64,1951,31528.16,2.97,513301.14,2.13,31528.16,2.97,24660.64,2.32
113,Entry Short,S,2018-06-21,544.80,1951,31528.16,2.97,513301.14,2.13,31528.16,2.97,24660.64,2.32
112,Exit Short,Short Close,2018-05-30,598.16,1824,-7405.44,-0.68,481772.98,-0.5,0,0,70588.80,6.51
112,Entry Short,S,2018-05-29,594.10,1824,-7405.44,-0.68,481772.98,-0.5,0,0,70588.80,6.51
111,Exit Short,Short Close,2018-03-23,745.12,1489,-50506.88,-4.77,489178.42,-3.28,26921.12,2.54,80525.12,7.6
111,Entry Short,S,2018-03-22,711.20,1489,-50506.88,-4.77,489178.42,-3.28,26921.12,2.54,80525.12,7.6
110,Exit Short,Short TP/SL,2018-03-20,688.48,1582,33807.34,3.01,539685.30,2.25,37097.90,3.3,22891.54,2.04
110,Entry Short,S,2018-03-19,709.85,1582,33807.34,3.01,539685.30,2.25,37097.90,3.3,22891.54,2.04
109,Exit Short,Short Close,2018-03-02,793.76,1409,-94572.08,-9.24,505877.96,-5.91,0,0,94572.08,9.24
109,Entry Short,S,2018-03-01,726.64,1409,-94572.08,-9.24,505877.96,-5.91,0,0,94572.08,9.24
108,Exit Short,Short Close,2018-02-05,554.24,2154,-113106.54,-10.47,600450.04,-6.6,0,0,113106.54,10.47
108,Entry Short,S,2018-02-02,501.73,2154,-113106.54,-10.47,600450.04,-6.6,0,0,113106.54,10.47
107,Exit Short,Short Close,2018-01-17,434.40,2417,-8338.65,-0.8,713556.58,-0.48,0,0,30768.41,2.95
107,Entry Short,S,2018-01-16,430.95,2417,-8338.65,-0.8,713556.58,-0.48,0,0,30768.41,2.95
106,Exit Short,Short TP/SL,2017-12-04,511.10,1954,36051.30,3.48,721895.23,2.14,61492.38,5.94,96078.18,9.29
106,Entry Short,S,2017-12-01,529.55,1954,36051.30,3.48,721895.23,2.14,61492.38,5.94,96078.18,9.29
105,Exit Short,Short TP/SL,2017-11-15,579.20,1790,-21193.60,-2.09,685843.93,-1.24,12601.60,1.24,21193.60,2.09
105,Entry Short,S,2017-11-14,567.36,1790,-21193.60,-2.09,685843.93,-1.24,12601.60,1.24,21193.60,2.09
104,Exit Short,Short TP/SL,2017-11-10,559.32,1864,14818.80,1.4,707037.53,0.88,43375.28,4.1,13588.56,1.29
104,Entry Short,S,2017-11-09,567.27,1864,14818.80,1.4,707037.53,0.88,43375.28,4.1,13588.56,1.29
103,Exit Short,Short TP/SL,2017-10-25,569.92,1353,315722.55,29.05,692218.73,22.94,360750.39,33.19,11595.21,1.07
103,Entry Short,S,2017-09-05,803.27,1353,315722.55,29.05,692218.73,22.94,360750.39,33.19,11595.21,1.07
102,Exit Short,Short Close,2017-08-18,849.28,1329,-34328.07,-3.14,376496.18,-2.43,0,0,71752.71,6.56
102,Entry Short,S,2017-08-17,823.45,1329,-34328.07,-3.14,376496.18,-2.43,0,0,71752.71,6.56
101,Exit Short,Short Close,2017-08-10,768.00,1369,-25408.64,-2.48,410824.25,-1.77,22780.16,2.22,28037.12,2.73
101,Entry Short,S,2017-08-09,749.44,1369,-25408.64,-2.48,410824.25,-1.77,22780.16,2.22,28037.12,2.73
100,Exit Short,Short TP/SL,2017-07-28,730.24,1407,19641.72,1.88,436232.89,1.39,41253.24,3.94,15477.00,1.48
100,Entry Short,S,2017-07-27,744.20,1407,19641.72,1.88,436232.89,1.39,41253.24,3.94,15477.00,1.48
99,Exit Short,Short TP/SL,2017-07-06,842.88,1211,-8840.30,-0.87,416591.17,-0.62,11310.74,1.12,18843.16,1.86
99,Entry Short,S,2017-07-05,835.58,1211,-8840.30,-0.87,416591.17,-0.62,11310.74,1.12,18843.16,1.86
98,Exit Short,Short TP/SL,2017-06-30,807.68,1267,36324.89,3.43,425431.47,2.61,36324.89,3.43,88639.32,8.36
98,Entry Short,S,2017-06-29,836.35,1267,36324.89,3.43,425431.47,2.61,36324.89,3.43,88639.32,8.36
97,Exit Short,Short Close,2017-05-18,1022.08,1148,-110208.00,-10.37,389106.58,-7.35,15429.12,1.45,120494.08,11.33
97,Entry Short,S,2017-05-17,926.08,1148,-110208.00,-10.37,389106.58,-7.35,15429.12,1.45,120494.08,11.33
96,Exit Short,Short Close,2017-04-11,1119.36,949,-51767.95,-5.12,499314.58,-3.34,0,0,51767.95,5.12
96,Entry Short,S,2017-04-10,1064.81,949,-51767.95,-5.12,499314.58,-3.34,0,0,51767.95,5.12
95,Exit Short,Short TP/SL,2017-03-23,1065.60,952,-4264.96,-0.42,551082.53,-0.27,20106.24,1.99,14622.72,1.45
95,Entry Short,S,2017-03-22,1061.12,952,-4264.96,-0.42,551082.53,-0.27,20106.24,1.99,14622.72,1.45
94,Exit Short,Short Close,2017-02-24,1214.08,875,-44598.75,-4.38,555347.49,-2.79,0,0,44598.75,4.38
94,Entry Short,S,2017-02-23,1163.11,875,-44598.75,-4.38,555347.49,-2.79,0,0,44598.75,4.38
93,Exit Short,Short TP/SL,2017-02-17,1147.52,897,13123.11,1.26,599946.24,0.83,37808.55,3.63,13858.65,1.33
93,Entry Short,S,2017-02-16,1162.15,897,13123.11,1.26,599946.24,0.83,37808.55,3.63,13858.65,1.33
92,Exit Short,Short TP/SL,2016-12-30,1604.91,634,6124.44,0.6,586823.13,0.39,20192.90,1.97,4558.46,0.45
92,Entry Short,S,2016-12-29,1614.57,634,6124.44,0.6,586823.13,0.39,20192.90,1.97,4558.46,0.45
91,Exit Short,Short Close,2016-10-31,2127.36,487,-7451.10,-0.72,580698.69,-0.47,0,0,31138.78,3.03
91,Entry Short,S,2016-10-28,2112.06,487,-7451.10,-0.72,580698.69,-0.47,0,0,31138.78,3.03
90,Exit Short,Short TP/SL,2016-10-14,2238.71,454,20634.30,1.99,588149.79,1.32,45182.08,4.36,27312.64,2.63
90,Entry Short,S,2016-10-13,2284.16,454,20634.30,1.99,588149.79,1.32,45182.08,4.36,27312.64,2.63
89,Exit Short,Short TP/SL,2016-09-09,2268.15,422,77508.74,7.49,567515.49,5.2,134761.48,13.02,1088.76,0.11
89,Entry Short,S,2016-08-26,2451.82,422,77508.74,7.49,567515.49,5.2,134761.48,13.02,1088.76,0.11
88,Exit Short,Short Close,2016-06-27,4326.40,287,-47756.80,-4,490006.75,-3.11,95513.60,8,69798.40,5.85
88,Entry Short,S,2016-06-24,4160.00,287,-47756.80,-4,490006.75,-3.11,95513.60,8,69798.40,5.85
87,Exit Short,Short Close,2016-06-13,3845.12,295,-89641.65,-8.58,537763.55,-5.51,0,0,89641.65,8.58
87,Entry Short,S,2016-06-10,3541.25,295,-89641.65,-8.58,537763.55,-5.51,0,0,89641.65,8.58
86,Exit Short,Short TP/SL,2016-05-19,4141.09,236,55056.44,5.33,627405.20,3.5,147863.44,14.32,759.92,0.07
86,Entry Short,S,2016-05-04,4374.38,236,55056.44,5.33,627405.20,3.5,147863.44,14.32,759.92,0.07
85,Exit Short,Short TP/SL,2016-04-29,4274.11,208,119924.48,11.89,572348.76,8.26,204894.56,20.31,12889.76,1.28
85,Entry Short,S,2016-04-12,4850.67,208,119924.48,11.89,572348.76,8.26,204894.56,20.31,12889.76,1.28
84,Exit Short,Short TP/SL,2016-04-08,4739.82,224,22077.44,2.04,452424.28,1.54,53325.44,4.92,26956.16,2.49
84,Entry Short,S,2016-04-07,4838.38,224,22077.44,2.04,452424.28,1.54,53325.44,4.92,26956.16,2.49
83,Exit Short,Short Close,2016-02-09,7354.88,148,-51527.68,-4.97,430346.84,-3.48,10229.76,0.99,52285.44,5.04
83,Entry Short,S,2016-02-08,7006.72,148,-51527.68,-4.97,430346.84,-3.48,10229.76,0.99,52285.44,5.04
82,Exit Short,Short Close,2016-01-05,5340.16,194,39731.20,3.69,481874.52,2.76,39731.20,3.69,33771.52,3.14
82,Entry Short,S,2016-01-04,5544.96,194,39731.20,3.69,481874.52,2.76,39731.20,3.69,33771.52,3.14
81,Exit Short,Short Close,2015-12-04,4974.08,209,24321.33,2.29,442143.32,1.72,24321.33,2.29,31857.87,2.99
81,Entry Short,S,2015-12-03,5090.45,209,24321.33,2.29,442143.32,1.72,24321.33,2.29,31857.87,2.99
80,Exit Short,Short Close,2015-11-13,5291.52,206,-33058.88,-3.13,417821.99,-2.28,0,0,33058.88,3.13
80,Entry Short,S,2015-11-12,5131.04,206,-33058.88,-3.13,417821.99,-2.28,0,0,33058.88,3.13
79,Exit Short,Short Close,2015-09-29,6791.68,155,-22220.80,-2.16,450880.87,-1.51,9523.20,0.92,62297.60,6.05
79,Entry Short,S,2015-09-28,6648.32,155,-22220.80,-2.16,450880.87,-1.51,9523.20,0.92,62297.60,6.05
78,Exit Short,Short TP/SL,2015-09-25,6291.80,164,19438.92,1.85,473101.67,1.34,66769.32,6.35,48266.84,4.59
78,Entry Short,S,2015-09-24,6410.33,164,19438.92,1.85,473101.67,1.34,66769.32,6.35,48266.84,4.59
77,Exit Short,Short TP/SL,2015-09-22,6306.39,177,12370.53,1.1,453662.75,0.86,88238.04,7.82,3745.32,0.33
77,Entry Short,S,2015-09-18,6376.28,177,12370.53,1.1,453662.75,0.86,88238.04,7.82,3745.32,0.33
76,Exit Short,Short Close,2015-08-21,4766.72,240,-100147.20,-9.59,441292.22,-6.5,13516.80,1.29,100147.20,9.59
76,Entry Short,S,2015-08-20,4349.44,240,-100147.20,-9.59,441292.22,-6.5,13516.80,1.29,100147.20,9.59
75,Exit Short,Short TP/SL,2015-08-12,4377.60,231,44536.80,4.22,541439.42,2.98,140337.12,13.29,15781.92,1.49
75,Entry Short,S,2015-07-27,4570.40,231,44536.80,4.22,541439.42,2.98,140337.12,13.29,15781.92,1.49
74,Exit Short,Short Close,2015-06-30,4928.00,225,-46656.00,-4.39,496902.62,-3.02,16128.00,1.52,118656.00,11.17
74,Entry Short,S,2015-06-29,4720.64,225,-46656.00,-4.39,496902.62,-3.02,16128.00,1.52,118656.00,11.17
73,Exit Short,Short TP/SL,2015-06-17,4871.14,205,9184.00,0.91,543558.62,0.6,41086.10,4.08,5096.30,0.51
73,Entry Short,S,2015-06-16,4915.94,205,9184.00,0.91,543558.62,0.6,41086.10,4.08,5096.30,0.51
72,Exit Short,Short TP/SL,2015-05-07,5624.54,181,16355.16,1.58,534374.62,1.08,21491.94,2.08,11869.98,1.15
72,Entry Short,S,2015-05-06,5714.90,181,16355.16,1.58,534374.62,1.08,21491.94,2.08,11869.98,1.15
71,Exit Short,Short TP/SL,2015-04-01,6704.36,156,28234.44,2.63,518019.46,1.9,54947.88,5.12,3358.68,0.31
71,Entry Short,S,2015-03-31,6885.35,156,28234.44,2.63,518019.46,1.9,54947.88,5.12,3358.68,0.31
70,Exit Short,Short TP/SL,2015-03-26,6900.08,137,83369.98,8.1,489785.02,5.93,163805.42,15.92,3838.74,0.37
70,Entry Short,S,2015-03-11,7508.62,137,83369.98,8.1,489785.02,5.93,163805.42,15.92,3838.74,0.37
69,Exit Short,Short TP/SL,2015-01-30,8849.92,112,7041.44,0.71,406415.04,0.5,44028.32,4.41,31092.32,3.11
69,Entry Short,S,2015-01-29,8912.79,112,7041.44,0.71,406415.04,0.5,44028.32,4.41,31092.32,3.11
68,Exit Short,Short Close,2015-01-02,7800.32,133,24038.42,2.26,399373.60,1.75,24038.42,2.26,30438.38,2.87
68,Entry Short,S,2014-12-31,7981.06,133,24038.42,2.26,399373.60,1.75,24038.42,2.26,30438.38,2.87
67,Exit Short,Short Close,2014-12-11,7659.52,142,-71249.92,-7.01,375335.18,-4.93,3998.72,0.39,87608.32,8.62
67,Entry Short,S,2014-12-10,7157.76,142,-71249.92,-7.01,375335.18,-4.93,3998.72,0.39,87608.32,8.62
66,Exit Short,Short TP/SL,2014-12-09,7298.56,142,8451.84,0.81,446585.10,0.59,112742.32,10.79,2453.76,0.23
66,Entry Short,S,2014-12-01,7358.08,142,8451.84,0.81,446585.10,0.59,112742.32,10.79,2453.76,0.23
65,Exit Short,Short Close,2014-10-08,8299.52,129,-17546.58,-1.67,438133.26,-1.21,0,0,17546.58,1.67
65,Entry Short,S,2014-10-07,8163.50,129,-17546.58,-1.67,438133.26,-1.21,0,0,17546.58,1.67
64,Exit Short,Short Close,2014-09-24,7439.36,138,-6005.76,-0.59,455679.84,-0.41,19077.12,1.87,12364.80,1.21
64,Entry Short,S,2014-09-23,7395.84,138,-6005.76,-0.59,455679.84,-0.41,19077.12,1.87,12364.80,1.21
63,Exit Short,Short Close,2014-09-16,7595.52,136,-19985.20,-1.97,461685.60,-1.35,0,0,19985.20,1.97
63,Entry Short,S,2014-09-15,7448.57,136,-19985.20,-1.97,461685.60,-1.35,0,0,19985.20,1.97
62,Exit Short,Short Close,2014-07-18,7354.88,143,1798.94,0.17,481670.80,0.12,1798.94,0.17,64461.54,6.12
62,Entry Short,S,2014-07-17,7367.46,143,1798.94,0.17,481670.80,0.12,1798.94,0.17,64461.54,6.12
61,Exit Short,Short TP/SL,2014-07-11,7308.80,141,21296.64,2.02,479871.86,1.46,35013.12,3.33,2165.76,0.21
61,Entry Short,S,2014-07-10,7459.84,141,21296.64,2.02,479871.86,1.46,35013.12,3.33,2165.76,0.21
60,Exit Short,Short Close,2014-06-13,8220.16,126,-7350.84,-0.71,458575.22,-0.5,0,0,33478.20,3.26
60,Entry Short,S,2014-06-12,8161.82,126,-7350.84,-0.71,458575.22,-0.5,0,0,33478.20,3.26
59,Exit Short,Short Close,2014-04-14,11251.20,89,455.68,0.05,465926.06,0.03,14581.76,1.46,31669.76,3.16
59,Entry Short,S,2014-04-11,11256.32,89,455.68,0.05,465926.06,0.03,14581.76,1.46,31669.76,3.16
58,Exit Short,Short Close,2014-03-04,11192.32,89,62200.32,5.88,465470.38,4.43,62200.32,5.88,20733.44,1.96
58,Entry Short,S,2014-03-03,11891.20,89,62200.32,5.88,465470.38,4.43,62200.32,5.88,20733.44,1.96
57,Exit Short,Short Close,2014-01-27,11430.40,95,-59097.60,-5.76,403270.06,-4.04,2918.40,0.28,79040.00,7.7
57,Entry Short,S,2014-01-24,10808.32,95,-59097.60,-5.76,403270.06,-4.04,2918.40,0.28,79040.00,7.7
56,Exit Short,Short TP/SL,2014-01-13,10928.06,91,24706.50,2.42,462367.66,1.72,81030.04,7.95,40.04,0
56,Entry Short,S,2014-01-02,11199.56,91,24706.50,2.42,462367.66,1.72,81030.04,7.95,40.04,0
55,Exit Short,Short TP/SL,2013-12-11,11938.74,84,3031.56,0.3,437661.16,0.21,48742.68,4.85,9963.24,0.99
55,Entry Short,S,2013-12-05,11974.83,84,3031.56,0.3,437661.16,0.21,48742.68,4.85,9963.24,0.99
54,Exit Short,Short TP/SL,2013-12-04,12254.72,85,-21070.65,-2.06,434629.60,-1.45,1124.55,0.11,25857.85,2.53
54,Entry Short,S,2013-12-03,12006.83,85,-21070.65,-2.06,434629.60,-1.45,1124.55,0.11,25857.85,2.53
53,Exit Short,Short Close,2013-10-01,15063.04,68,8355.84,0.81,455700.25,0.58,34816.00,3.37,4184.72,0.41
53,Entry Short,S,2013-09-30,15185.92,68,8355.84,0.81,455700.25,0.58,34816.00,3.37,4184.72,0.41
52,Exit Short,Short Close,2013-08-16,15616.00,67,-9898.58,-0.96,447344.41,-0.68,0,0,13328.98,1.29
52,Entry Short,S,2013-08-15,15468.26,67,-9898.58,-0.96,447344.41,-0.68,0,0,13328.98,1.29
51,Exit Short,Short Close,2013-06-13,21729.28,48,-50767.68,-5.12,457242.99,-3.37,0,0,62072.64,6.26
51,Entry Short,S,2013-06-12,20671.62,48,-50767.68,-5.12,457242.99,-3.37,0,0,62072.64,6.26
50,Exit Short,Short Close,2013-06-05,20183.05,51,-25068.03,-2.5,508010.67,-1.64,8355.33,0.83,37079.04,3.69
50,Entry Short,S,2013-06-04,19691.52,51,-25068.03,-2.5,508010.67,-1.64,8355.33,0.83,37079.04,3.69
49,Exit Short,Short TP/SL,2013-06-03,19578.88,52,2986.88,0.29,533078.70,0.2,2986.88,0.29,207.48,0.02
49,Entry Short,S,2013-05-31,19636.32,52,2986.88,0.29,533078.70,0.2,2986.88,0.29,207.48,0.02
48,Exit Short,Short TP/SL,2013-05-24,19466.23,52,27689.48,2.66,530091.82,1.84,46863.44,4.51,2130.44,0.2
48,Entry Short,S,2013-05-23,19998.72,52,27689.48,2.66,530091.82,1.84,46863.44,4.51,2130.44,0.2
47,Exit Short,Short Close,2013-04-16,20101.12,53,18740.27,1.73,502402.34,1.26,18740.27,1.73,67552.21,6.23
47,Entry Short,S,2013-04-15,20454.71,53,18740.27,1.73,502402.34,1.26,18740.27,1.73,67552.21,6.23
46,Exit Short,Short TP/SL,2013-04-05,21698.56,45,60200.55,5.81,483662.07,4.23,135310.95,13.05,11223.90,1.08
46,Entry Short,S,2013-03-19,23036.35,45,60200.55,5.81,483662.07,4.23,135310.95,13.05,11223.90,1.08
45,Exit Short,Short Close,2013-02-22,23255.05,42,9756.18,0.99,423461.52,0.69,9756.18,0.99,49164.36,4.98
45,Entry Short,S,2013-02-21,23487.34,42,9756.18,0.99,423461.52,0.69,9756.18,0.99,49164.36,4.98
44,Exit Short,Short Close,2012-12-24,32778.23,32,33096.00,3.06,413705.34,2.4,33096.00,3.06,3604.48,0.33
44,Entry Short,S,2012-12-21,33812.48,32,33096.00,3.06,413705.34,2.4,33096.00,3.06,3604.48,0.33
43,Exit Short,Short TP/SL,2012-12-20,30886.06,26,187643.56,18.94,380609.34,15.73,246806.56,24.91,264.16,0.03
43,Entry Short,S,2012-11-16,38103.12,26,187643.56,18.94,380609.34,15.73,246806.56,24.91,264.16,0.03
42,Exit Short,Short TP/SL,2012-11-15,37825.62,26,17330.04,1.73,192965.78,1.47,102236.16,10.22,1331.20,0.13
42,Entry Short,S,2012-11-09,38492.16,26,17330.04,1.73,192965.78,1.47,102236.16,10.22,1331.20,0.13
41,Exit Short,Short TP/SL,2012-11-08,37775.36,28,10295.60,0.96,175635.74,0.88,10295.60,0.96,4900.56,0.46
41,Entry Short,S,2012-11-07,38143.06,28,10295.60,0.96,175635.74,0.88,10295.60,0.96,4900.56,0.46
40,Exit Short,Short TP/SL,2012-10-23,37324.80,27,-32592.78,-3.34,165340.14,-2.72,19938.42,2.04,32592.78,3.34
40,Entry Short,S,2012-10-22,36117.66,27,-32592.78,-3.34,165340.14,-2.72,19938.42,2.04,32592.78,3.34
39,Exit Short,Short Close,2012-09-27,37969.92,26,14407.90,1.44,197932.92,1.22,14407.90,1.44,39905.06,3.98
39,Entry Short,S,2012-09-26,38524.07,26,14407.90,1.44,197932.92,1.22,14407.90,1.44,39905.06,3.98
38,Exit Short,Short TP/SL,2012-07-24,57630.72,18,14745.60,1.4,183525.02,1.26,33177.60,3.15,33177.60,3.15
38,Entry Short,S,2012-07-23,58449.92,18,14745.60,1.4,183525.02,1.26,33177.60,3.15,33177.60,3.15
37,Exit Short,Short Close,2012-06-04,90603.52,11,12165.12,1.21,168779.42,1.05,27934.72,2.77,11714.12,1.16
37,Entry Short,S,2012-06-01,91709.44,11,12165.12,1.21,168779.42,1.05,27934.72,2.77,11714.12,1.16
36,Exit Short,Short Close,2012-05-15,75898.88,13,-16506.88,-1.7,156614.30,-1.41,13843.96,1.43,16506.88,1.7
36,Entry Short,S,2012-05-14,74629.12,13,-16506.88,-1.7,156614.30,-1.41,13843.96,1.43,16506.88,1.7
35,Exit Short,Short TP/SL,2012-05-09,73564.20,14,-8992.90,-0.88,173121.18,-0.76,39176.62,3.84,22754.90,2.23
35,Entry Short,S,2012-05-08,72921.85,14,-8992.90,-0.88,173121.18,-0.76,39176.62,3.84,22754.90,2.23
34,Exit Short,Short TP/SL,2012-04-09,77537.24,14,-34760.32,-3.31,182114.08,-2.86,58136.40,5.53,34760.32,3.31
34,Entry Short,S,2012-04-04,75054.36,14,-34760.32,-3.31,182114.08,-2.86,58136.40,5.53,34760.32,3.31
33,Exit Short,Short TP/SL,2012-03-29,75407.36,14,-7196.70,-0.69,216874.40,-0.59,54734.82,5.22,32428.62,3.09
33,Entry Short,S,2012-03-28,74893.31,14,-7196.70,-0.69,216874.40,-0.59,54734.82,5.22,32428.62,3.09
32,Exit Short,Short Close,2012-02-13,107970.56,9,24698.88,2.48,224071.10,2.06,24698.88,2.48,89579.88,8.99
32,Entry Short,S,2012-02-10,110714.88,9,24698.88,2.48,224071.10,2.06,24698.88,2.48,89579.88,8.99
31,Exit Short,Short TP/SL,2011-11-01,189071.36,5,1893.15,0.2,199372.22,0.16,211198.75,22.3,40910.05,4.32
31,Entry Short,S,2011-10-20,189449.98,5,1893.15,0.2,199372.22,0.16,211198.75,22.3,40910.05,4.32
30,Exit Short,Short TP/SL,2011-10-19,185280.25,5,21033.05,2.22,197479.07,1.79,98538.30,10.4,1199.50,0.13
30,Entry Short,S,2011-10-18,189486.86,5,21033.05,2.22,197479.07,1.79,98538.30,10.4,1199.50,0.13
29,Exit Short,Short Close,2011-09-23,205701.12,5,-22323.20,-2.22,176446.02,-1.86,26624.00,2.65,45670.40,4.54
29,Entry Short,S,2011-09-22,201236.48,5,-22323.20,-2.22,176446.02,-1.86,26624.00,2.65,45670.40,4.54
28,Exit Short,Short Close,2011-07-28,96010.24,11,-35726.46,-3.5,198769.22,-2.89,0,0,35726.46,3.5
28,Entry Short,S,2011-07-27,92762.38,11,-35726.46,-3.5,198769.22,-2.89,0,0,35726.46,3.5
27,Exit Short,Short Close,2011-07-12,92119.08,11,-28839.25,-2.93,234495.68,-2.28,0,0,28839.25,2.93
27,Entry Short,S,2011-07-11,89497.33,11,-28839.25,-2.93,234495.68,-2.28,0,0,28839.25,2.93
26,Exit Short,Short TP/SL,2011-06-13,93347.80,11,7439.41,0.72,263334.93,0.59,7439.41,0.72,6978.95,0.67
26,Entry Short,S,2011-06-10,94024.11,11,7439.41,0.72,263334.93,0.59,7439.41,0.72,6978.95,0.67
25,Exit Short,Short TP/SL,2011-06-08,93110.72,10,6594.40,0.7,255895.52,0.53,40678.00,4.34,5197.60,0.55
25,Entry Short,S,2011-06-06,93770.16,10,6594.40,0.7,255895.52,0.53,40678.00,4.34,5197.60,0.55
24,Exit Short,Short TP/SL,2011-06-03,95477.76,10,-17362.70,-1.85,249301.12,-1.37,21958.50,2.34,17362.70,1.85
24,Entry Short,S,2011-06-02,93741.49,10,-17362.70,-1.85,249301.12,-1.37,21958.50,2.34,17362.70,1.85
23,Exit Short,Short Close,2011-05-06,99082.24,9,48291.84,5.14,266663.82,3.96,48291.84,5.14,3686.76,0.39
23,Entry Short,S,2011-05-05,104448.00,9,48291.84,5.14,266663.82,3.96,48291.84,5.14,3686.76,0.39
22,Exit Short,Short TP/SL,2011-05-04,101397.78,10,7659.50,0.75,218371.98,0.63,24260.90,2.37,314.70,0.03
22,Entry Short,S,2011-05-03,102163.73,10,7659.50,0.75,218371.98,0.63,24260.90,2.37,314.70,0.03
21,Exit Short,Short Close,2011-03-11,141475.80,7,-31822.77,-3.32,210712.48,-2.56,10038.07,1.05,31822.77,3.32
21,Entry Short,S,2011-03-10,136929.69,7,-31822.77,-3.32,210712.48,-2.56,10038.07,1.05,31822.77,3.32
20,Exit Short,Short TP/SL,2011-03-09,133669.17,7,7339.08,0.78,242535.25,0.59,37847.95,4.01,11751.46,1.25
20,Entry Short,S,2011-03-08,134717.61,7,7339.08,0.78,242535.25,0.59,37847.95,4.01,11751.46,1.25
19,Exit Short,Short TP/SL,2011-03-07,133951.66,7,5218.29,0.55,235196.17,0.42,66090.15,7.01,1862.49,0.2
19,Entry Short,S,2011-03-02,134697.12,7,5218.29,0.55,235196.17,0.42,66090.15,7.01,1862.49,0.2
18,Exit Short,Short Close,2011-02-23,133693.44,8,-61276.16,-6.08,229977.88,-4.75,21954.24,2.18,68485.12,6.79
18,Entry Short,S,2011-02-22,126033.92,8,-61276.16,-6.08,229977.88,-4.75,21954.24,2.18,68485.12,6.79
17,Exit Short,Short TP/SL,2011-01-31,129597.44,8,22514.88,2.13,291254.04,1.77,22514.88,2.13,7959.68,0.75
17,Entry Short,S,2011-01-28,132411.80,8,22514.88,2.13,291254.04,1.77,22514.88,2.13,7959.68,0.75
16,Exit Short,Short TP/SL,2010-11-30,195297.23,5,95.55,0.01,268739.16,0.01,32453.55,3.32,6458.25,0.66
16,Entry Short,S,2010-11-29,195316.34,5,95.55,0.01,268739.16,0.01,32453.55,3.32,6458.25,0.66
15,Exit Short,Short Close,2010-11-17,201031.69,5,-4753.10,-0.48,268643.61,-0.37,0,0,36497.10,3.65
15,Entry Short,S,2010-11-16,200081.06,5,-4753.10,-0.48,268643.61,-0.37,0,0,36497.10,3.65
14,Exit Short,Short Close,2010-08-16,393871.20,2,-21954.24,-2.87,273396.71,-1.69,7864.32,1.03,21954.24,2.87
14,Entry Short,S,2010-08-13,382894.10,2,-21954.24,-2.87,273396.71,-1.69,7864.32,1.03,21954.24,2.87
13,Exit Short,Short TP/SL,2010-08-12,387153.90,2,124846.08,13.88,295350.95,10.67,210698.56,23.43,2293.44,0.26
13,Entry Short,S,2010-07-20,449576.97,2,124846.08,13.88,295350.95,10.67,210698.56,23.43,2293.44,0.26
12,Exit Short,Short TP/SL,2010-07-19,443023.20,2,7818.84,0.87,170504.87,0.67,7818.84,0.87,18723.88,2.09
12,Entry Short,S,2010-07-16,446932.62,2,7818.84,0.87,170504.87,0.67,7818.84,0.87,18723.88,2.09
11,Exit Short,Short TP/SL,2010-06-24,458261.00,1,77341.36,14.44,162686.03,7.13,141894.83,26.49,2612.21,0.49
11,Entry Short,S,2010-06-08,535602.40,1,77341.36,14.44,162686.03,7.13,141894.83,26.49,2612.21,0.49
10,Exit Short,Short TP/SL,2010-05-18,454609.44,2,16482.30,1.78,85344.67,1.54,90117.18,9.74,24570.82,2.65
10,Entry Short,S,2010-05-17,462850.60,2,16482.30,1.78,85344.67,1.54,90117.18,9.74,24570.82,2.65
9,Exit Short,Short Close,2010-04-28,329154.56,3,-8217.24,-0.84,68862.37,-0.76,0,0,33285.24,3.4
9,Entry Short,S,2010-04-27,326415.47,3,-8217.24,-0.84,68862.37,-0.76,0,0,33285.24,3.4
8,Exit Short,Short TP/SL,2010-04-19,331776.00,3,-1652.10,-0.17,77079.61,-0.15,12110.46,1.22,27702.66,2.79
8,Entry Short,S,2010-04-16,331225.30,3,-1652.10,-0.17,77079.61,-0.15,12110.46,1.22,27702.66,2.79
7,Exit Short,Short Close,2010-02-05,522977.28,2,-11529.26,-1.11,78731.71,-1.06,0,0,27585.58,2.67
7,Entry Short,S,2010-02-04,517212.66,2,-11529.26,-1.11,78731.71,-1.06,0,0,27585.58,2.67
6,Exit Short,Short Close,2010-01-25,506429.44,2,-12186.94,-1.22,90260.97,-1.11,0,0,56096.06,5.61
6,Entry Short,S,2010-01-22,500335.97,2,-12186.94,-1.22,90260.97,-1.11,0,0,56096.06,5.61
5,Exit Short,Short TP/SL,2009-11-30,664238.50,1,24872.51,3.61,102447.91,2.31,50135.04,7.28,1474.40,0.21
5,Entry Short,S,2009-11-27,689111.06,1,24872.51,3.61,102447.91,2.31,50135.04,7.28,1474.40,0.21
4,Exit Short,Short TP/SL,2009-10-28,732858.44,1,123860.77,14.46,77575.40,12.99,182353.76,21.29,1310.88,0.15
4,Entry Short,S,2009-10-05,856719.20,1,123860.77,14.46,77575.40,12.99,182353.76,21.29,1310.88,0.15
3,Exit Short,Short TP/SL,2009-10-02,871300.94,1,-15201.16,-1.78,-46285.37,-1.57,0,0,15201.16,1.78
3,Entry Short,S,2009-10-01,856099.80,1,-15201.16,-1.78,-46285.37,-1.57,0,0,15201.16,1.78
2,Exit Short,Short Close,2009-09-02,1024655.20,1,-35263.84,-3.56,-31084.21,-3.51,0,0,35263.84,3.56
2,Entry Short,S,2009-09-01,989391.40,1,-35263.84,-3.56,-31084.21,-3.51,0,0,35263.84,3.56
1,Exit Short,Short TP/SL,2009-08-18,1013841.94,1,4179.63,0.41,4179.63,0.42,4179.63,0.41,3193.17,0.31
1,Entry Short,S,2009-08-17,1018021.56,1,4179.63,0.41,4179.63,0.42,4179.63,0.41,3193.17,0.31